cause,model,n_events,covariates,variable,hazard_ratio,hr_ci_lower,hr_ci_upper,p,concordance,status
MEDICAL,MEDICAL_M1,23,gender_male + physical_score,gender_male,1.5620144339400912,0.7606122691017935,3.207796128135623,0.2244859294285653,0.5801186943620178,SUCCESS
MEDICAL,MEDICAL_M1,23,gender_male + physical_score,physical_score,0.7163930747459263,0.2573797224461556,1.994015039981593,0.5230960968423612,0.5801186943620178,SUCCESS
MEDICAL,MEDICAL_M2,23,gender_male + age_18_25,gender_male,1.5489834903812318,0.7677678496331026,3.1250981069606056,0.22170930142920853,0.5875370919881305,SUCCESS
MEDICAL,MEDICAL_M2,23,gender_male + age_18_25,age_18_25,1.3896242859771626,0.618391334370973,3.1227081442559457,0.42574599064556484,0.5875370919881305,SUCCESS
MEDICAL,MEDICAL_M3,23,gender_male + age_34_41,gender_male,1.513068287434832,0.7471987035713485,3.0639448803893266,0.24996856274221757,0.5801186943620178,SUCCESS
MEDICAL,MEDICAL_M3,23,gender_male + age_34_41,age_34_41,0.694091227739309,0.3035677281313224,1.587002134219789,0.38681935903442544,0.5801186943620178,SUCCESS
MEDICAL,MEDICAL_M4,23,gender_male + age_42_plus,gender_male,1.442626183970116,0.7095350191822509,2.9331467093403747,0.3114486947051419,0.629080118694362,SUCCESS
MEDICAL,MEDICAL_M4,23,gender_male + age_42_plus,age_42_plus,1.8524871103799299,0.8442131805590164,4.064978577865123,0.12414433737848059,0.629080118694362,SUCCESS
MEDICAL,MEDICAL_M5,23,physical_score + age_18_25,physical_score,0.7469272316138919,0.2781221102118085,2.005954466912085,0.5626611840767242,0.5489614243323442,SUCCESS
MEDICAL,MEDICAL_M5,23,physical_score + age_18_25,age_18_25,1.367195981982054,0.6107041788428518,3.060769711269436,0.44687295112463254,0.5489614243323442,SUCCESS
MEDICAL,MEDICAL_M6,23,physical_score + age_34_41,physical_score,0.7568824768287054,0.2800399464767424,2.0456763077475206,0.5829465958182289,0.5563798219584569,SUCCESS
MEDICAL,MEDICAL_M6,23,physical_score + age_34_41,age_34_41,0.6836257569503444,0.294472664930994,1.5870545256737079,0.3760969645938148,0.5563798219584569,SUCCESS
MEDICAL,MEDICAL_M7,23,physical_score + age_42_plus,physical_score,0.7427690268147504,0.2750762730227929,2.0056467289333124,0.5573753659588838,0.5801186943620178,SUCCESS
MEDICAL,MEDICAL_M7,23,physical_score + age_42_plus,age_42_plus,1.9647850522876285,0.9237003160514662,4.179256231279463,0.07945462400794258,0.5801186943620178,SUCCESS
FINALE_ORIENTATION,FINALE_ORIENTATION_M1,21,gender_male + physical_score,gender_male,0.9231555934814957,0.4646103364864264,1.8342602022610617,0.8194545740432282,0.5857142857142857,SUCCESS
FINALE_ORIENTATION,FINALE_ORIENTATION_M1,21,gender_male + physical_score,physical_score,1.8327542495826017,0.7766225564200164,4.325123075032684,0.1666960340374449,0.5857142857142857,SUCCESS
FINALE_ORIENTATION,FINALE_ORIENTATION_M2,21,gender_male + age_18_25,gender_male,0.9899319987752553,0.5036472760250874,1.9457374413563955,0.976586194739161,0.5214285714285715,SUCCESS
FINALE_ORIENTATION,FINALE_ORIENTATION_M2,21,gender_male + age_18_25,age_18_25,0.8182798920235042,0.31284643180226257,2.1402896553194926,0.6826753868910191,0.5214285714285715,SUCCESS
FINALE_ORIENTATION,FINALE_ORIENTATION_M3,21,gender_male + age_34_41,gender_male,0.9298271599523749,0.47182317786514455,1.8324206777993668,0.8335095917071493,0.55,SUCCESS
FINALE_ORIENTATION,FINALE_ORIENTATION_M3,21,gender_male + age_34_41,age_34_41,0.6472391231531848,0.2925606866595263,1.4319028551762623,0.2829024127709252,0.55,SUCCESS
FINALE_ORIENTATION,FINALE_ORIENTATION_M4,21,gender_male + age_42_plus,gender_male,0.8594853255146392,0.4447813383213975,1.66084986290772,0.6523352562674916,0.6214285714285714,SUCCESS
FINALE_ORIENTATION,FINALE_ORIENTATION_M4,21,gender_male + age_42_plus,age_42_plus,2.4469941183956987,1.0510396681221361,5.697006875260327,0.037947949430590586,0.6214285714285714,SUCCESS
FINALE_ORIENTATION,FINALE_ORIENTATION_M5,21,physical_score + age_18_25,physical_score,1.8485937668673986,0.7849388371727157,4.353586232539881,0.1597562706097494,0.5928571428571429,SUCCESS
FINALE_ORIENTATION,FINALE_ORIENTATION_M5,21,physical_score + age_18_25,age_18_25,0.7596631193232349,0.29068789679593565,1.9852496826347958,0.5749077231225981,0.5928571428571429,SUCCESS
FINALE_ORIENTATION,FINALE_ORIENTATION_M6,21,physical_score + age_34_41,physical_score,1.7913238544717676,0.7977289731961769,4.022470362011629,0.15782422333274007,0.5857142857142857,SUCCESS
FINALE_ORIENTATION,FINALE_ORIENTATION_M6,21,physical_score + age_34_41,age_34_41,0.6654226786469193,0.3086232168969149,1.434718183906233,0.2987486512553047,0.5857142857142857,SUCCESS
FINALE_ORIENTATION,FINALE_ORIENTATION_M7,21,physical_score + age_42_plus,physical_score,2.047518908194609,0.8736301432140229,4.798751178606484,0.0991310737764784,0.5928571428571429,SUCCESS
FINALE_ORIENTATION,FINALE_ORIENTATION_M7,21,physical_score + age_42_plus,age_42_plus,2.5720149411005133,1.2626769842402426,5.239076137294689,0.009254888869011171,0.5928571428571429,SUCCESS
FINALE_POTEAUX,FINALE_POTEAUX_M1,16,gender_male,gender_male,2.0829944122619053,1.0448420679161035,4.152652209120961,0.03710775613780829,0.6363636363636364,SUCCESS
FINALE_POTEAUX,FINALE_POTEAUX_M2,16,physical_score,physical_score,2.1454589736774334,0.9148164595053998,5.031604055551928,0.07921735170033155,0.5757575757575758,SUCCESS
FINALE_POTEAUX,FINALE_POTEAUX_M3,16,age_18_25,age_18_25,0.8233765377214507,0.3009739992241698,2.2525165782351095,0.7050708925426812,0.5151515151515151,SUCCESS
FINALE_POTEAUX,FINALE_POTEAUX_M4,16,age_34_41,age_34_41,2.1737438112056218,1.0412651705961873,4.537904743370318,0.038673510823261724,0.6212121212121212,SUCCESS
FINALE_POTEAUX,FINALE_POTEAUX_M5,16,age_42_plus,age_42_plus,1.0412013526656312,0.3884100681198785,2.791122954253968,0.9360368897505134,0.5,SUCCESS
ELIMINATION_CHALLENGE,ELIMINATION_CHALLENGE_M1,16,gender_male,gender_male,0.8126134874754762,0.3801443045037653,1.737078978176603,0.5924223741856904,0.5602836879432624,SUCCESS
ELIMINATION_CHALLENGE,ELIMINATION_CHALLENGE_M2,16,physical_score,physical_score,0.6839944801844995,0.25496690796803373,1.8349379244992836,0.45063893200570304,0.5390070921985816,SUCCESS
ELIMINATION_CHALLENGE,ELIMINATION_CHALLENGE_M3,16,age_18_25,age_18_25,0.9256398659981546,0.34385882158117465,2.4917469256283566,0.8784479609151149,0.5141843971631206,SUCCESS
ELIMINATION_CHALLENGE,ELIMINATION_CHALLENGE_M4,16,age_34_41,age_34_41,1.1733181657421834,0.44385502208018823,3.1016333027136214,0.7472513326040278,0.5425531914893617,SUCCESS
ELIMINATION_CHALLENGE,ELIMINATION_CHALLENGE_M5,16,age_42_plus,age_42_plus,0.9055904821408056,0.3105115048964389,2.6411070392304232,0.8559059181597124,0.48226950354609927,SUCCESS
JURY_FINAL_DECISION,JURY_FINAL_DECISION_M1,15,gender_male,gender_male,1.097888076924301,0.5623883664961388,2.1432844298723865,0.7843772041715757,0.5,SUCCESS
JURY_FINAL_DECISION,JURY_FINAL_DECISION_M2,15,physical_score,physical_score,0.821984981349681,0.33447429946981444,2.020063456700392,0.6691560001651607,0.53125,SUCCESS
JURY_FINAL_DECISION,JURY_FINAL_DECISION_M3,15,age_18_25,age_18_25,1.8819293181614394,0.8073663832032771,4.386679990940208,0.14308633187415304,0.5625,SUCCESS
JURY_FINAL_DECISION,JURY_FINAL_DECISION_M4,15,age_34_41,age_34_41,0.40470635109783654,0.18639678424672373,0.8787020188187834,0.022203652468000875,0.625,SUCCESS
JURY_FINAL_DECISION,JURY_FINAL_DECISION_M5,15,age_42_plus,age_42_plus,2.1893741799983784,0.8604374205632632,5.570840116304708,0.1000706375662211,0.59375,SUCCESS
VOLUNTARY,VOLUNTARY_M1,13,gender_male,gender_male,1.0509764699064266,0.4688861623219056,2.3556923386846793,0.9038991670457892,0.5145631067961165,SUCCESS
VOLUNTARY,VOLUNTARY_M2,13,physical_score,physical_score,0.7554316755368436,0.20888405413144415,2.7320276733296933,0.6689315713447737,0.5242718446601942,SUCCESS
VOLUNTARY,VOLUNTARY_M3,13,age_18_25,age_18_25,2.5079038999946364,0.9929566420884565,6.33419598098424,0.05177357646471116,0.6262135922330098,SUCCESS
VOLUNTARY,VOLUNTARY_M4,13,age_34_41,age_34_41,1.0984418175937452,0.46826344246982865,2.5767000308088175,0.8291148646157179,0.48058252427184467,SUCCESS
VOLUNTARY,VOLUNTARY_M5,13,age_42_plus,age_42_plus,0.5873893122708801,0.17331682590798667,1.9907253803114928,0.3928920191609412,0.5315533980582524,SUCCESS
AMBASSADEURS,AMBASSADEURS_M1,11,gender_male,gender_male,2.3474234102230667,1.0161821833486788,5.422646408446753,0.04576635886408879,0.6259842519685039,SUCCESS
AMBASSADEURS,AMBASSADEURS_M2,11,physical_score,physical_score,0.4812663027195313,0.13665595499559396,1.6948932385770918,0.25488859562425087,0.5669291338582677,SUCCESS
AMBASSADEURS,AMBASSADEURS_M3,11,age_18_25,age_18_25,2.499345705818052,0.9099686939123259,6.864773479551154,0.07557652872010347,0.6181102362204725,SUCCESS
AMBASSADEURS,AMBASSADEURS_M4,11,age_34_41,age_34_41,0.4307323676460776,0.18199973651362508,1.0193991271196503,0.05533309000008693,0.594488188976378,SUCCESS
AMBASSADEURS,AMBASSADEURS_M5,11,age_42_plus,age_42_plus,1.6325659810989253,0.5584308688225162,4.7727871638997605,0.3705148748399544,0.5826771653543307,SUCCESS
