candidate_season_key,season_id,season_name,candidate_name,age_missing,gender_missing,profession_missing,physical_score_missing,physical_score_current,profile_documentation_sufficient,research_task_type,research_priority_score,external_research_priority,external_research_request,queue_reason_valid,query_quality_valid,duplicate_status,audit_status,audit_warning
KL03::alexandra denikine,KL03,Koh-Lanta : Bocas del Toro,Alexandra Denikine,False,True,False,True,,False,MULTI_FIELD_RESEARCH,9,HIGH,"Rechercher: profession exacte, pratique sportive, intensité, musculature pour Alexandra Denikine (Koh-Lanta : Bocas del Toro, 2003)",True,True,UNIQUE,PASS,
KL03::candice cohen,KL03,Koh-Lanta : Bocas del Toro,Candice Cohen,False,True,False,True,,False,MULTI_FIELD_RESEARCH,9,HIGH,"Rechercher: profession exacte, pratique sportive, intensité, musculature pour Candice Cohen (Koh-Lanta : Bocas del Toro, 2003)",True,True,UNIQUE,PASS,
KL03::michel jeandel,KL03,Koh-Lanta : Bocas del Toro,Michel Jeandel,False,True,False,True,1.0,False,MULTI_FIELD_RESEARCH,9,HIGH,"Rechercher: profession exacte, pratique sportive, intensité, musculature pour Michel Jeandel (Koh-Lanta : Bocas del Toro, 2003)",True,True,UNIQUE,PASS,
KL03::sophie guilloix,KL03,Koh-Lanta : Bocas del Toro,Sophie Guilloix,False,True,False,True,,False,MULTI_FIELD_RESEARCH,9,HIGH,"Rechercher: profession exacte, pratique sportive, intensité, musculature pour Sophie Guilloix (Koh-Lanta : Bocas del Toro, 2003)",True,True,UNIQUE,PASS,
KL03::julie bourdon,KL03,Koh-Lanta : Bocas del Toro,Julie Bourdon,False,True,False,True,,False,MULTI_FIELD_RESEARCH,9,HIGH,"Rechercher: profession exacte, pratique sportive, intensité, musculature pour Julie Bourdon (Koh-Lanta : Bocas del Toro, 2003)",True,True,UNIQUE,PASS,
KL03::linda delamarre,KL03,Koh-Lanta : Bocas del Toro,Linda Delamarre,False,True,False,True,,False,MULTI_FIELD_RESEARCH,9,HIGH,"Rechercher: profession exacte, pratique sportive, intensité, musculature pour Linda Delamarre (Koh-Lanta : Bocas del Toro, 2003)",True,True,UNIQUE,PASS,
KL03::philippe huquet,KL03,Koh-Lanta : Bocas del Toro,Philippe Huquet,False,True,False,True,,False,MULTI_FIELD_RESEARCH,9,HIGH,"Rechercher: profession exacte, pratique sportive, intensité, musculature pour Philippe Huquet (Koh-Lanta : Bocas del Toro, 2003)",True,True,UNIQUE,PASS,
KL03::alexandre bérard,KL03,Koh-Lanta : Bocas del Toro,Alexandre Bérard,False,True,False,True,,False,MULTI_FIELD_RESEARCH,9,HIGH,"Rechercher: profession exacte, pratique sportive, intensité, musculature pour Alexandre Bérard (Koh-Lanta : Bocas del Toro, 2003)",True,True,UNIQUE,PASS,
KL03::richard lecourt,KL03,Koh-Lanta : Bocas del Toro,Richard Lecourt,False,True,False,True,0.0,False,MULTI_FIELD_RESEARCH,9,HIGH,"Rechercher: profession exacte, pratique sportive, intensité, musculature pour Richard Lecourt (Koh-Lanta : Bocas del Toro, 2003)",True,True,UNIQUE,PASS,
KL03::sylvie rivoal,KL03,Koh-Lanta : Bocas del Toro,Sylvie Rivoal,False,True,False,True,,False,MULTI_FIELD_RESEARCH,9,HIGH,"Rechercher: profession exacte, pratique sportive, intensité, musculature pour Sylvie Rivoal (Koh-Lanta : Bocas del Toro, 2003)",True,True,UNIQUE,PASS,
KL03::sébastien loew,KL03,Koh-Lanta : Bocas del Toro,Sébastien Loew,False,True,False,True,,False,MULTI_FIELD_RESEARCH,9,HIGH,"Rechercher: profession exacte, pratique sportive, intensité, musculature pour Sébastien Loew (Koh-Lanta : Bocas del Toro, 2003)",True,True,UNIQUE,PASS,
KL03::valérie dot,KL03,Koh-Lanta : Bocas del Toro,Valérie Dot,False,True,False,True,0.0,False,MULTI_FIELD_RESEARCH,9,HIGH,"Rechercher: profession exacte, pratique sportive, intensité, musculature pour Valérie Dot (Koh-Lanta : Bocas del Toro, 2003)",True,True,UNIQUE,PASS,
KL03::hélène patry,KL03,Koh-Lanta : Bocas del Toro,Hélène Patry,False,True,False,True,0.0,False,MULTI_FIELD_RESEARCH,9,HIGH,"Rechercher: profession exacte, pratique sportive, intensité, musculature pour Hélène Patry (Koh-Lanta : Bocas del Toro, 2003)",True,True,UNIQUE,PASS,
KL03::moundir zoughari,KL03,Koh-Lanta : Bocas del Toro,Moundir Zoughari,False,True,False,True,1.0,False,MULTI_FIELD_RESEARCH,9,HIGH,"Rechercher: profession exacte, pratique sportive, intensité, musculature pour Moundir Zoughari (Koh-Lanta : Bocas del Toro, 2003)",True,True,UNIQUE,PASS,
KL03::antoine sanchez,KL03,Koh-Lanta : Bocas del Toro,Antoine Sanchez,False,True,False,True,,False,MULTI_FIELD_RESEARCH,9,HIGH,"Rechercher: profession exacte, pratique sportive, intensité, musculature pour Antoine Sanchez (Koh-Lanta : Bocas del Toro, 2003)",True,True,UNIQUE,PASS,
KL03::moussa niangane,KL03,Koh-Lanta : Bocas del Toro,Moussa Niangane,False,True,False,True,1.0,False,MULTI_FIELD_RESEARCH,9,HIGH,"Rechercher: profession exacte, pratique sportive, intensité, musculature pour Moussa Niangane (Koh-Lanta : Bocas del Toro, 2003)",True,True,UNIQUE,PASS,
KL03::delphine bano,KL03,Koh-Lanta : Bocas del Toro,Delphine Bano,False,True,False,True,,False,MULTI_FIELD_RESEARCH,9,HIGH,"Rechercher: profession exacte, pratique sportive, intensité, musculature pour Delphine Bano (Koh-Lanta : Bocas del Toro, 2003)",True,True,UNIQUE,PASS,
KL03::isabelle seguin,KL03,Koh-Lanta : Bocas del Toro,Isabelle Seguin,False,True,False,True,0.0,False,MULTI_FIELD_RESEARCH,9,HIGH,"Rechercher: profession exacte, pratique sportive, intensité, musculature pour Isabelle Seguin (Koh-Lanta : Bocas del Toro, 2003)",True,True,UNIQUE,PASS,
KL17::babeth delettre,KL17,Koh-Lanta : Johor,Babeth Delettre,False,True,False,True,,False,MULTI_FIELD_RESEARCH,8,HIGH,"Rechercher: profession exacte, pratique sportive, intensité, musculature pour Babeth Delettre (Koh-Lanta : Johor, 2015)",True,True,UNIQUE,PASS,
KL17::marie-anne queniart,KL17,Koh-Lanta : Johor,Marie-Anne Queniart,False,True,False,True,,False,MULTI_FIELD_RESEARCH,8,HIGH,"Rechercher: profession exacte, pratique sportive, intensité, musculature pour Marie-Anne Queniart (Koh-Lanta : Johor, 2015)",True,True,UNIQUE,PASS,
KL17::benoît jorion-fahy,KL17,Koh-Lanta : Johor,Benoît Jorion-Fahy,False,True,False,True,,False,MULTI_FIELD_RESEARCH,8,HIGH,"Rechercher: profession exacte, pratique sportive, intensité, musculature pour Benoît Jorion-Fahy (Koh-Lanta : Johor, 2015)",True,True,UNIQUE,PASS,
KL17::manon allender,KL17,Koh-Lanta : Johor,Manon Allender,False,True,False,True,,False,MULTI_FIELD_RESEARCH,8,HIGH,"Rechercher: profession exacte, pratique sportive, intensité, musculature pour Manon Allender (Koh-Lanta : Johor, 2015)",True,True,UNIQUE,PASS,
KL17::loïc crespin,KL17,Koh-Lanta : Johor,Loïc Crespin,False,True,False,True,,False,MULTI_FIELD_RESEARCH,8,HIGH,"Rechercher: profession exacte, pratique sportive, intensité, musculature pour Loïc Crespin (Koh-Lanta : Johor, 2015)",True,True,UNIQUE,PASS,
KL17::isabelle haouzi,KL17,Koh-Lanta : Johor,Isabelle Haouzi,False,True,False,True,,False,MULTI_FIELD_RESEARCH,8,HIGH,"Rechercher: profession exacte, pratique sportive, intensité, musculature pour Isabelle Haouzi (Koh-Lanta : Johor, 2015)",True,True,UNIQUE,PASS,
KL17::margot perrot houwaer,KL17,Koh-Lanta : Johor,Margot Perrot Houwaer,False,True,False,True,,False,MULTI_FIELD_RESEARCH,7,HIGH,"Rechercher: profession exacte, pratique sportive, intensité, musculature pour Margot Perrot Houwaer (Koh-Lanta : Johor, 2015)",True,True,UNIQUE,PASS,
KL17::alban pellegrin,KL17,Koh-Lanta : Johor,Alban Pellegrin,False,True,False,True,,False,MULTI_FIELD_RESEARCH,8,HIGH,"Rechercher: profession exacte, pratique sportive, intensité, musculature pour Alban Pellegrin (Koh-Lanta : Johor, 2015)",True,True,UNIQUE,PASS,
KL17::corinne bargoin samuelian,KL17,Koh-Lanta : Johor,Corinne Bargoin Samuelian,False,True,False,True,,False,MULTI_FIELD_RESEARCH,7,HIGH,"Rechercher: profession exacte, pratique sportive, intensité, musculature pour Corinne Bargoin Samuelian (Koh-Lanta : Johor, 2015)",True,True,UNIQUE,PASS,
KL17::cédric giosserand-lucas,KL17,Koh-Lanta : Johor,Cédric Giosserand-Lucas,False,True,False,True,,False,MULTI_FIELD_RESEARCH,8,HIGH,"Rechercher: profession exacte, pratique sportive, intensité, musculature pour Cédric Giosserand-Lucas (Koh-Lanta : Johor, 2015)",True,True,UNIQUE,PASS,
KL17::charlaine cuny,KL17,Koh-Lanta : Johor,Charlaine Cuny,False,True,False,True,,False,MULTI_FIELD_RESEARCH,8,HIGH,"Rechercher: profession exacte, pratique sportive, intensité, musculature pour Charlaine Cuny (Koh-Lanta : Johor, 2015)",True,True,UNIQUE,PASS,
KL17::nessim kouachi,KL17,Koh-Lanta : Johor,Nessim Kouachi,False,True,False,True,,False,MULTI_FIELD_RESEARCH,8,HIGH,"Rechercher: profession exacte, pratique sportive, intensité, musculature pour Nessim Kouachi (Koh-Lanta : Johor, 2015)",True,True,UNIQUE,PASS,
KL17::jeff santiago,KL17,Koh-Lanta : Johor,Jeff Santiago,False,True,False,True,,False,MULTI_FIELD_RESEARCH,8,HIGH,"Rechercher: profession exacte, pratique sportive, intensité, musculature pour Jeff Santiago (Koh-Lanta : Johor, 2015)",True,True,UNIQUE,PASS,
KL17::christophe pendon,KL17,Koh-Lanta : Johor,Christophe Pendon,False,True,False,True,,False,MULTI_FIELD_RESEARCH,8,HIGH,"Rechercher: profession exacte, pratique sportive, intensité, musculature pour Christophe Pendon (Koh-Lanta : Johor, 2015)",True,True,UNIQUE,PASS,
KL17::jessica potel,KL17,Koh-Lanta : Johor,Jessica Potel,False,True,False,True,,False,MULTI_FIELD_RESEARCH,8,HIGH,"Rechercher: profession exacte, pratique sportive, intensité, musculature pour Jessica Potel (Koh-Lanta : Johor, 2015)",True,True,UNIQUE,PASS,
KL17::sébastien ballesteros,KL17,Koh-Lanta : Johor,Sébastien Ballesteros,False,True,False,True,,False,MULTI_FIELD_RESEARCH,8,HIGH,"Rechercher: profession exacte, pratique sportive, intensité, musculature pour Sébastien Ballesteros (Koh-Lanta : Johor, 2015)",True,True,UNIQUE,PASS,
KL17::bruno peisey,KL17,Koh-Lanta : Johor,Bruno Peisey,False,True,False,True,,False,MULTI_FIELD_RESEARCH,8,HIGH,"Rechercher: profession exacte, pratique sportive, intensité, musculature pour Bruno Peisey (Koh-Lanta : Johor, 2015)",True,True,UNIQUE,PASS,
KL17::mélissa bastin,KL17,Koh-Lanta : Johor,Mélissa Bastin,False,True,False,True,,False,MULTI_FIELD_RESEARCH,8,HIGH,"Rechercher: profession exacte, pratique sportive, intensité, musculature pour Mélissa Bastin (Koh-Lanta : Johor, 2015)",True,True,UNIQUE,PASS,
KL17::chantel ménard,KL17,Koh-Lanta : Johor,Chantel Ménard,False,True,False,True,,False,MULTI_FIELD_RESEARCH,8,HIGH,"Rechercher: profession exacte, pratique sportive, intensité, musculature pour Chantel Ménard (Koh-Lanta : Johor, 2015)",True,True,UNIQUE,PASS,
KL17::marc rambaud,KL17,Koh-Lanta : Johor,Marc Rambaud,False,True,False,True,,False,MULTI_FIELD_RESEARCH,8,HIGH,"Rechercher: profession exacte, pratique sportive, intensité, musculature pour Marc Rambaud (Koh-Lanta : Johor, 2015)",True,True,UNIQUE,PASS,
KL31::myriam zenasni,KL31,Koh-Lanta : L'Île au trésor,Myriam Zenasni,False,True,False,True,,False,MULTI_FIELD_RESEARCH,8,HIGH,"Rechercher: profession exacte, pratique sportive, intensité, musculature pour Myriam Zenasni (Koh-Lanta : L'Île au trésor, 2016)",True,True,UNIQUE,PASS,
KL31::amandine schmitt,KL31,Koh-Lanta : L'Île au trésor,Amandine Schmitt,False,True,False,True,,False,MULTI_FIELD_RESEARCH,8,HIGH,"Rechercher: profession exacte, pratique sportive, intensité, musculature pour Amandine Schmitt (Koh-Lanta : L'Île au trésor, 2016)",True,True,UNIQUE,PASS,
KL31::sophie le nestic sabattier,KL31,Koh-Lanta : L'Île au trésor,Sophie Le Nestic Sabattier,False,True,False,True,,False,MULTI_FIELD_RESEARCH,7,HIGH,"Rechercher: profession exacte, pratique sportive, intensité, musculature pour Sophie Le Nestic Sabattier (Koh-Lanta : L'Île au trésor, 2016)",True,True,UNIQUE,PASS,
KL31::sandrine bouzekri,KL31,Koh-Lanta : L'Île au trésor,Sandrine Bouzekri,False,True,False,True,,False,MULTI_FIELD_RESEARCH,8,HIGH,"Rechercher: profession exacte, pratique sportive, intensité, musculature pour Sandrine Bouzekri (Koh-Lanta : L'Île au trésor, 2016)",True,True,UNIQUE,PASS,
KL31::laurent mischkind,KL31,Koh-Lanta : L'Île au trésor,Laurent Mischkind,False,True,False,True,,False,MULTI_FIELD_RESEARCH,8,HIGH,"Rechercher: profession exacte, pratique sportive, intensité, musculature pour Laurent Mischkind (Koh-Lanta : L'Île au trésor, 2016)",True,True,UNIQUE,PASS,
KL31::jean-luc duboscq,KL31,Koh-Lanta : L'Île au trésor,Jean-Luc Duboscq,False,True,False,True,,False,MULTI_FIELD_RESEARCH,8,HIGH,"Rechercher: profession exacte, pratique sportive, intensité, musculature pour Jean-Luc Duboscq (Koh-Lanta : L'Île au trésor, 2016)",True,True,UNIQUE,PASS,
KL31::jérôme merlier,KL31,Koh-Lanta : L'Île au trésor,Jérôme Merlier,False,True,False,True,,False,MULTI_FIELD_RESEARCH,8,HIGH,"Rechercher: profession exacte, pratique sportive, intensité, musculature pour Jérôme Merlier (Koh-Lanta : L'Île au trésor, 2016)",True,True,UNIQUE,PASS,
"KL31::laurent ""lau"" émilien",KL31,Koh-Lanta : L'Île au trésor,"Laurent ""Lau"" Émilien",False,True,False,True,,False,MULTI_FIELD_RESEARCH,7,HIGH,"Rechercher: profession exacte, pratique sportive, intensité, musculature pour Laurent ""Lau"" Émilien (Koh-Lanta : L'Île au trésor, 2016)",True,True,UNIQUE,PASS,
KL31::béryl libault de la chevasnerie,KL31,Koh-Lanta : L'Île au trésor,Béryl Libault de la Chevasnerie,False,True,False,True,,False,MULTI_FIELD_RESEARCH,7,HIGH,"Rechercher: profession exacte, pratique sportive, intensité, musculature pour Béryl Libault de la Chevasnerie (Koh-Lanta : L'Île au trésor, 2016)",True,True,UNIQUE,PASS,
KL31::alexandra pharisien,KL31,Koh-Lanta : L'Île au trésor,Alexandra Pharisien,False,True,False,True,,False,MULTI_FIELD_RESEARCH,8,HIGH,"Rechercher: profession exacte, pratique sportive, intensité, musculature pour Alexandra Pharisien (Koh-Lanta : L'Île au trésor, 2016)",True,True,UNIQUE,PASS,
KL31::yannick delalleau,KL31,Koh-Lanta : L'Île au trésor,Yannick Delalleau,False,True,False,True,,False,MULTI_FIELD_RESEARCH,8,HIGH,"Rechercher: profession exacte, pratique sportive, intensité, musculature pour Yannick Delalleau (Koh-Lanta : L'Île au trésor, 2016)",True,True,UNIQUE,PASS,
KL31::julie navarro-camilleri,KL31,Koh-Lanta : L'Île au trésor,Julie Navarro-Camilleri,False,True,False,True,,False,MULTI_FIELD_RESEARCH,8,HIGH,"Rechercher: profession exacte, pratique sportive, intensité, musculature pour Julie Navarro-Camilleri (Koh-Lanta : L'Île au trésor, 2016)",True,True,UNIQUE,PASS,
KL31::jérémy raffin,KL31,Koh-Lanta : L'Île au trésor,Jérémy Raffin,False,True,False,True,,False,MULTI_FIELD_RESEARCH,8,HIGH,"Rechercher: profession exacte, pratique sportive, intensité, musculature pour Jérémy Raffin (Koh-Lanta : L'Île au trésor, 2016)",True,True,UNIQUE,PASS,
KL31::stéphane cipolla,KL31,Koh-Lanta : L'Île au trésor,Stéphane Cipolla,False,True,False,True,,False,MULTI_FIELD_RESEARCH,8,HIGH,"Rechercher: profession exacte, pratique sportive, intensité, musculature pour Stéphane Cipolla (Koh-Lanta : L'Île au trésor, 2016)",True,True,UNIQUE,PASS,
KL31::ludivine wiart,KL31,Koh-Lanta : L'Île au trésor,Ludivine Wiart,False,True,False,True,,False,MULTI_FIELD_RESEARCH,8,HIGH,"Rechercher: profession exacte, pratique sportive, intensité, musculature pour Ludivine Wiart (Koh-Lanta : L'Île au trésor, 2016)",True,True,UNIQUE,PASS,
KL31::candice boisson,KL31,Koh-Lanta : L'Île au trésor,Candice Boisson,False,True,False,True,,False,MULTI_FIELD_RESEARCH,8,HIGH,"Rechercher: profession exacte, pratique sportive, intensité, musculature pour Candice Boisson (Koh-Lanta : L'Île au trésor, 2016)",True,True,UNIQUE,PASS,
KL31::bruno troester,KL31,Koh-Lanta : L'Île au trésor,Bruno Troester,False,True,False,True,,False,MULTI_FIELD_RESEARCH,8,HIGH,"Rechercher: profession exacte, pratique sportive, intensité, musculature pour Bruno Troester (Koh-Lanta : L'Île au trésor, 2016)",True,True,UNIQUE,PASS,
KL31::freddy bolzer,KL31,Koh-Lanta : L'Île au trésor,Freddy Bolzer,False,True,False,True,,False,MULTI_FIELD_RESEARCH,8,HIGH,"Rechercher: profession exacte, pratique sportive, intensité, musculature pour Freddy Bolzer (Koh-Lanta : L'Île au trésor, 2016)",True,True,UNIQUE,PASS,
KL31::jesta hillmann,KL31,Koh-Lanta : L'Île au trésor,Jesta Hillmann,False,True,False,True,,False,MULTI_FIELD_RESEARCH,8,HIGH,"Rechercher: profession exacte, pratique sportive, intensité, musculature pour Jesta Hillmann (Koh-Lanta : L'Île au trésor, 2016)",True,True,UNIQUE,PASS,
KL31::benoît assadi,KL31,Koh-Lanta : L'Île au trésor,Benoît Assadi,False,True,False,True,,False,MULTI_FIELD_RESEARCH,8,HIGH,"Rechercher: profession exacte, pratique sportive, intensité, musculature pour Benoît Assadi (Koh-Lanta : L'Île au trésor, 2016)",True,True,UNIQUE,PASS,
KL22::aliséa,KL22,Koh-Lanta : La Guerre des Chefs,Aliséa,False,True,False,True,,False,MULTI_FIELD_RESEARCH,8,HIGH,"Rechercher: profession exacte, pratique sportive, intensité, musculature pour Aliséa (Koh-Lanta : La Guerre des Chefs, 2019)",True,True,UNIQUE,PASS,
KL22::carinne,KL22,Koh-Lanta : La Guerre des Chefs,Carinne,False,True,False,True,,False,MULTI_FIELD_RESEARCH,8,HIGH,"Rechercher: profession exacte, pratique sportive, intensité, musculature pour Carinne (Koh-Lanta : La Guerre des Chefs, 2019)",True,True,UNIQUE,PASS,
KL22::émilie,KL22,Koh-Lanta : La Guerre des Chefs,Émilie,False,True,False,True,,False,MULTI_FIELD_RESEARCH,8,HIGH,"Rechercher: profession exacte, pratique sportive, intensité, musculature pour Émilie (Koh-Lanta : La Guerre des Chefs, 2019)",True,True,UNIQUE,PASS,
KL22::victor,KL22,Koh-Lanta : La Guerre des Chefs,Victor,False,True,False,True,,False,MULTI_FIELD_RESEARCH,8,HIGH,"Rechercher: profession exacte, pratique sportive, intensité, musculature pour Victor (Koh-Lanta : La Guerre des Chefs, 2019)",True,True,UNIQUE,PASS,
KL22::chloé,KL22,Koh-Lanta : La Guerre des Chefs,Chloé,False,True,False,True,,False,MULTI_FIELD_RESEARCH,8,HIGH,"Rechercher: profession exacte, pratique sportive, intensité, musculature pour Chloé (Koh-Lanta : La Guerre des Chefs, 2019)",True,True,UNIQUE,PASS,
KL22::xavier,KL22,Koh-Lanta : La Guerre des Chefs,Xavier,False,True,False,True,,False,MULTI_FIELD_RESEARCH,8,HIGH,"Rechercher: profession exacte, pratique sportive, intensité, musculature pour Xavier (Koh-Lanta : La Guerre des Chefs, 2019)",True,True,UNIQUE,PASS,
KL22::frédéric,KL22,Koh-Lanta : La Guerre des Chefs,Frédéric,False,True,False,True,,False,MULTI_FIELD_RESEARCH,8,HIGH,"Rechercher: profession exacte, pratique sportive, intensité, musculature pour Frédéric (Koh-Lanta : La Guerre des Chefs, 2019)",True,True,UNIQUE,PASS,
KL22::alexandre,KL22,Koh-Lanta : La Guerre des Chefs,Alexandre,False,True,False,True,,False,MULTI_FIELD_RESEARCH,8,HIGH,"Rechercher: profession exacte, pratique sportive, intensité, musculature pour Alexandre (Koh-Lanta : La Guerre des Chefs, 2019)",True,True,UNIQUE,PASS,
KL22::béatrice,KL22,Koh-Lanta : La Guerre des Chefs,Béatrice,False,True,False,True,,False,MULTI_FIELD_RESEARCH,8,HIGH,"Rechercher: profession exacte, pratique sportive, intensité, musculature pour Béatrice (Koh-Lanta : La Guerre des Chefs, 2019)",True,True,UNIQUE,PASS,
KL22::brice,KL22,Koh-Lanta : La Guerre des Chefs,Brice,False,True,False,True,,False,MULTI_FIELD_RESEARCH,8,HIGH,"Rechercher: profession exacte, pratique sportive, intensité, musculature pour Brice (Koh-Lanta : La Guerre des Chefs, 2019)",True,True,UNIQUE,PASS,
KL22::sophie,KL22,Koh-Lanta : La Guerre des Chefs,Sophie,False,True,False,True,,False,MULTI_FIELD_RESEARCH,8,HIGH,"Rechercher: profession exacte, pratique sportive, intensité, musculature pour Sophie (Koh-Lanta : La Guerre des Chefs, 2019)",True,True,UNIQUE,PASS,
KL22::angélique,KL22,Koh-Lanta : La Guerre des Chefs,Angélique,False,True,False,True,,False,MULTI_FIELD_RESEARCH,8,HIGH,"Rechercher: profession exacte, pratique sportive, intensité, musculature pour Angélique (Koh-Lanta : La Guerre des Chefs, 2019)",True,True,UNIQUE,PASS,
KL22::mohamed,KL22,Koh-Lanta : La Guerre des Chefs,Mohamed,False,True,False,True,,False,MULTI_FIELD_RESEARCH,8,HIGH,"Rechercher: profession exacte, pratique sportive, intensité, musculature pour Mohamed (Koh-Lanta : La Guerre des Chefs, 2019)",True,True,UNIQUE,PASS,
KL22::nicolas,KL22,Koh-Lanta : La Guerre des Chefs,Nicolas,False,True,False,True,,False,MULTI_FIELD_RESEARCH,8,HIGH,"Rechercher: profession exacte, pratique sportive, intensité, musculature pour Nicolas (Koh-Lanta : La Guerre des Chefs, 2019)",True,True,UNIQUE,PASS,
KL22::maxime,KL22,Koh-Lanta : La Guerre des Chefs,Maxime,False,True,False,True,,False,MULTI_FIELD_RESEARCH,8,HIGH,"Rechercher: profession exacte, pratique sportive, intensité, musculature pour Maxime (Koh-Lanta : La Guerre des Chefs, 2019)",True,True,UNIQUE,PASS,
KL22::cyril,KL22,Koh-Lanta : La Guerre des Chefs,Cyril,False,True,False,True,,False,MULTI_FIELD_RESEARCH,8,HIGH,"Rechercher: profession exacte, pratique sportive, intensité, musculature pour Cyril (Koh-Lanta : La Guerre des Chefs, 2019)",True,True,UNIQUE,PASS,
KL22::clo,KL22,Koh-Lanta : La Guerre des Chefs,Clo,False,True,False,True,,False,MULTI_FIELD_RESEARCH,8,HIGH,"Rechercher: profession exacte, pratique sportive, intensité, musculature pour Clo (Koh-Lanta : La Guerre des Chefs, 2019)",True,True,UNIQUE,PASS,
KL22::aurélien,KL22,Koh-Lanta : La Guerre des Chefs,Aurélien,False,True,False,True,,False,MULTI_FIELD_RESEARCH,8,HIGH,"Rechercher: profession exacte, pratique sportive, intensité, musculature pour Aurélien (Koh-Lanta : La Guerre des Chefs, 2019)",True,True,UNIQUE,PASS,
KL22::steeve,KL22,Koh-Lanta : La Guerre des Chefs,Steeve,False,True,False,True,,False,MULTI_FIELD_RESEARCH,8,HIGH,"Rechercher: profession exacte, pratique sportive, intensité, musculature pour Steeve (Koh-Lanta : La Guerre des Chefs, 2019)",True,True,UNIQUE,PASS,
KL22::cindy,KL22,Koh-Lanta : La Guerre des Chefs,Cindy,False,True,False,True,,False,MULTI_FIELD_RESEARCH,8,HIGH,"Rechercher: profession exacte, pratique sportive, intensité, musculature pour Cindy (Koh-Lanta : La Guerre des Chefs, 2019)",True,True,UNIQUE,PASS,
KL22::maud,KL22,Koh-Lanta : La Guerre des Chefs,Maud,False,True,False,True,,False,MULTI_FIELD_RESEARCH,8,HIGH,"Rechercher: profession exacte, pratique sportive, intensité, musculature pour Maud (Koh-Lanta : La Guerre des Chefs, 2019)",True,True,UNIQUE,PASS,
"KL25::céline ""lili"" gasnier",KL25,Koh-Lanta : Le Totem Maudit,"Céline ""Lili"" Gasnier",False,True,False,True,,False,MULTI_FIELD_RESEARCH,7,HIGH,"Rechercher: profession exacte, pratique sportive, intensité, musculature pour Céline ""Lili"" Gasnier (Koh-Lanta : Le Totem Maudit, 2022)",True,True,UNIQUE,PASS,
KL25::céline dufrenoy,KL25,Koh-Lanta : Le Totem Maudit,Céline Dufrenoy,False,True,False,True,,False,MULTI_FIELD_RESEARCH,8,HIGH,"Rechercher: profession exacte, pratique sportive, intensité, musculature pour Céline Dufrenoy (Koh-Lanta : Le Totem Maudit, 2022)",True,True,UNIQUE,PASS,
KL25::franck macia,KL25,Koh-Lanta : Le Totem Maudit,Franck Macia,False,True,False,True,,False,MULTI_FIELD_RESEARCH,8,HIGH,"Rechercher: profession exacte, pratique sportive, intensité, musculature pour Franck Macia (Koh-Lanta : Le Totem Maudit, 2022)",True,True,UNIQUE,PASS,
KL25::mattéo real,KL25,Koh-Lanta : Le Totem Maudit,Mattéo Real,False,True,False,True,,False,MULTI_FIELD_RESEARCH,8,HIGH,"Rechercher: profession exacte, pratique sportive, intensité, musculature pour Mattéo Real (Koh-Lanta : Le Totem Maudit, 2022)",True,True,UNIQUE,PASS,
KL25::samira aït-brahim,KL25,Koh-Lanta : Le Totem Maudit,Samira Aït-Brahim,False,True,False,True,,False,MULTI_FIELD_RESEARCH,8,HIGH,"Rechercher: profession exacte, pratique sportive, intensité, musculature pour Samira Aït-Brahim (Koh-Lanta : Le Totem Maudit, 2022)",True,True,UNIQUE,PASS,
KL25::benjamin breerette,KL25,Koh-Lanta : Le Totem Maudit,Benjamin Breerette,False,True,False,True,,False,MULTI_FIELD_RESEARCH,8,HIGH,"Rechercher: profession exacte, pratique sportive, intensité, musculature pour Benjamin Breerette (Koh-Lanta : Le Totem Maudit, 2022)",True,True,UNIQUE,PASS,
KL25::stéphanie tribot,KL25,Koh-Lanta : Le Totem Maudit,Stéphanie Tribot,False,True,False,True,,False,MULTI_FIELD_RESEARCH,8,HIGH,"Rechercher: profession exacte, pratique sportive, intensité, musculature pour Stéphanie Tribot (Koh-Lanta : Le Totem Maudit, 2022)",True,True,UNIQUE,PASS,
KL25::jean-philippe masy,KL25,Koh-Lanta : Le Totem Maudit,Jean-Philippe Masy,False,True,False,True,,False,MULTI_FIELD_RESEARCH,8,HIGH,"Rechercher: profession exacte, pratique sportive, intensité, musculature pour Jean-Philippe Masy (Koh-Lanta : Le Totem Maudit, 2022)",True,True,UNIQUE,PASS,
KL25::alexandra élizé,KL25,Koh-Lanta : Le Totem Maudit,Alexandra Élizé,False,True,False,True,,False,MULTI_FIELD_RESEARCH,8,HIGH,"Rechercher: profession exacte, pratique sportive, intensité, musculature pour Alexandra Élizé (Koh-Lanta : Le Totem Maudit, 2022)",True,True,UNIQUE,PASS,
KL25::setha el hajjami,KL25,Koh-Lanta : Le Totem Maudit,Setha El Hajjami,False,True,False,True,,False,MULTI_FIELD_RESEARCH,7,HIGH,"Rechercher: profession exacte, pratique sportive, intensité, musculature pour Setha El Hajjami (Koh-Lanta : Le Totem Maudit, 2022)",True,True,UNIQUE,PASS,
KL25::colin mottas,KL25,Koh-Lanta : Le Totem Maudit,Colin Mottas,False,True,False,True,,False,MULTI_FIELD_RESEARCH,8,HIGH,"Rechercher: profession exacte, pratique sportive, intensité, musculature pour Colin Mottas (Koh-Lanta : Le Totem Maudit, 2022)",True,True,UNIQUE,PASS,
KL25::pauline pourchaire,KL25,Koh-Lanta : Le Totem Maudit,Pauline Pourchaire,False,True,False,True,,False,MULTI_FIELD_RESEARCH,8,HIGH,"Rechercher: profession exacte, pratique sportive, intensité, musculature pour Pauline Pourchaire (Koh-Lanta : Le Totem Maudit, 2022)",True,True,UNIQUE,PASS,
KL25::yannick zachée,KL25,Koh-Lanta : Le Totem Maudit,Yannick Zachée,False,True,False,True,,False,MULTI_FIELD_RESEARCH,8,HIGH,"Rechercher: profession exacte, pratique sportive, intensité, musculature pour Yannick Zachée (Koh-Lanta : Le Totem Maudit, 2022)",True,True,UNIQUE,PASS,
KL25::anne-sophie mounier,KL25,Koh-Lanta : Le Totem Maudit,Anne-Sophie Mounier,False,True,False,True,,False,MULTI_FIELD_RESEARCH,8,HIGH,"Rechercher: profession exacte, pratique sportive, intensité, musculature pour Anne-Sophie Mounier (Koh-Lanta : Le Totem Maudit, 2022)",True,True,UNIQUE,PASS,
KL25::maxime tournoux,KL25,Koh-Lanta : Le Totem Maudit,Maxime Tournoux,False,True,False,True,,False,MULTI_FIELD_RESEARCH,8,HIGH,"Rechercher: profession exacte, pratique sportive, intensité, musculature pour Maxime Tournoux (Koh-Lanta : Le Totem Maudit, 2022)",True,True,UNIQUE,PASS,
KL25::louana roy,KL25,Koh-Lanta : Le Totem Maudit,Louana Roy,False,True,False,True,,False,MULTI_FIELD_RESEARCH,8,HIGH,"Rechercher: profession exacte, pratique sportive, intensité, musculature pour Louana Roy (Koh-Lanta : Le Totem Maudit, 2022)",True,True,UNIQUE,PASS,
KL25::fouzi ould bouamama,KL25,Koh-Lanta : Le Totem Maudit,Fouzi Ould Bouamama,False,True,False,True,,False,MULTI_FIELD_RESEARCH,7,HIGH,"Rechercher: profession exacte, pratique sportive, intensité, musculature pour Fouzi Ould Bouamama (Koh-Lanta : Le Totem Maudit, 2022)",True,True,UNIQUE,PASS,
KL25::nicolas bellon,KL25,Koh-Lanta : Le Totem Maudit,Nicolas Bellon,False,True,False,True,,False,MULTI_FIELD_RESEARCH,8,HIGH,"Rechercher: profession exacte, pratique sportive, intensité, musculature pour Nicolas Bellon (Koh-Lanta : Le Totem Maudit, 2022)",True,True,UNIQUE,PASS,
KL25::olga khokhlova,KL25,Koh-Lanta : Le Totem Maudit,Olga Khokhlova,False,True,False,True,,False,MULTI_FIELD_RESEARCH,8,HIGH,"Rechercher: profession exacte, pratique sportive, intensité, musculature pour Olga Khokhlova (Koh-Lanta : Le Totem Maudit, 2022)",True,True,UNIQUE,PASS,
KL25::ambre daudet,KL25,Koh-Lanta : Le Totem Maudit,Ambre Daudet,False,True,False,True,,False,MULTI_FIELD_RESEARCH,8,HIGH,"Rechercher: profession exacte, pratique sportive, intensité, musculature pour Ambre Daudet (Koh-Lanta : Le Totem Maudit, 2022)",True,True,UNIQUE,PASS,
KL25::jean-charles chatelus,KL25,Koh-Lanta : Le Totem Maudit,Jean-Charles Chatelus,False,True,False,True,,False,MULTI_FIELD_RESEARCH,8,HIGH,"Rechercher: profession exacte, pratique sportive, intensité, musculature pour Jean-Charles Chatelus (Koh-Lanta : Le Totem Maudit, 2022)",True,True,UNIQUE,PASS,
KL25::géraldine nicolle,KL25,Koh-Lanta : Le Totem Maudit,Géraldine Nicolle,False,True,False,True,,False,MULTI_FIELD_RESEARCH,8,HIGH,"Rechercher: profession exacte, pratique sportive, intensité, musculature pour Géraldine Nicolle (Koh-Lanta : Le Totem Maudit, 2022)",True,True,UNIQUE,PASS,
KL25::bastien san pedro,KL25,Koh-Lanta : Le Totem Maudit,Bastien San Pedro,False,True,False,True,,False,MULTI_FIELD_RESEARCH,7,HIGH,"Rechercher: profession exacte, pratique sportive, intensité, musculature pour Bastien San Pedro (Koh-Lanta : Le Totem Maudit, 2022)",True,True,UNIQUE,PASS,
KL25::françois descamp,KL25,Koh-Lanta : Le Totem Maudit,François Descamp,False,True,False,True,,False,MULTI_FIELD_RESEARCH,8,HIGH,"Rechercher: profession exacte, pratique sportive, intensité, musculature pour François Descamp (Koh-Lanta : Le Totem Maudit, 2022)",True,True,UNIQUE,PASS,
KL32::françois,KL32,Koh-Lanta : Les 4 Terres,François,False,True,False,True,,False,MULTI_FIELD_RESEARCH,8,HIGH,"Rechercher: profession exacte, pratique sportive, intensité, musculature pour François (Koh-Lanta : Les 4 Terres, 2020)",True,True,UNIQUE,PASS,
KL32::carole,KL32,Koh-Lanta : Les 4 Terres,Carole,False,True,False,True,,False,MULTI_FIELD_RESEARCH,8,HIGH,"Rechercher: profession exacte, pratique sportive, intensité, musculature pour Carole (Koh-Lanta : Les 4 Terres, 2020)",True,True,UNIQUE,PASS,
KL32::samuel,KL32,Koh-Lanta : Les 4 Terres,Samuel,False,True,False,True,,False,MULTI_FIELD_RESEARCH,8,HIGH,"Rechercher: profession exacte, pratique sportive, intensité, musculature pour Samuel (Koh-Lanta : Les 4 Terres, 2020)",True,True,UNIQUE,PASS,
KL32::diane,KL32,Koh-Lanta : Les 4 Terres,Diane,False,True,False,True,,False,MULTI_FIELD_RESEARCH,8,HIGH,"Rechercher: profession exacte, pratique sportive, intensité, musculature pour Diane (Koh-Lanta : Les 4 Terres, 2020)",True,True,UNIQUE,PASS,
KL32::estelle,KL32,Koh-Lanta : Les 4 Terres,Estelle,False,True,False,True,,False,MULTI_FIELD_RESEARCH,8,HIGH,"Rechercher: profession exacte, pratique sportive, intensité, musculature pour Estelle (Koh-Lanta : Les 4 Terres, 2020)",True,True,UNIQUE,PASS,
KL32::mathieu,KL32,Koh-Lanta : Les 4 Terres,Mathieu,False,True,False,True,,False,MULTI_FIELD_RESEARCH,8,HIGH,"Rechercher: profession exacte, pratique sportive, intensité, musculature pour Mathieu (Koh-Lanta : Les 4 Terres, 2020)",True,True,UNIQUE,PASS,
KL32::adrien,KL32,Koh-Lanta : Les 4 Terres,Adrien,False,True,False,True,,False,MULTI_FIELD_RESEARCH,8,HIGH,"Rechercher: profession exacte, pratique sportive, intensité, musculature pour Adrien (Koh-Lanta : Les 4 Terres, 2020)",True,True,UNIQUE,PASS,
KL32::aubin,KL32,Koh-Lanta : Les 4 Terres,Aubin,False,True,False,True,,False,MULTI_FIELD_RESEARCH,8,HIGH,"Rechercher: profession exacte, pratique sportive, intensité, musculature pour Aubin (Koh-Lanta : Les 4 Terres, 2020)",True,True,UNIQUE,PASS,
KL32::sébastien,KL32,Koh-Lanta : Les 4 Terres,Sébastien,False,True,False,True,,False,MULTI_FIELD_RESEARCH,8,HIGH,"Rechercher: profession exacte, pratique sportive, intensité, musculature pour Sébastien (Koh-Lanta : Les 4 Terres, 2020)",True,True,UNIQUE,PASS,
KL32::marie-france,KL32,Koh-Lanta : Les 4 Terres,Marie-France,False,True,False,True,,False,MULTI_FIELD_RESEARCH,8,HIGH,"Rechercher: profession exacte, pratique sportive, intensité, musculature pour Marie-France (Koh-Lanta : Les 4 Terres, 2020)",True,True,UNIQUE,PASS,
KL32::hadja,KL32,Koh-Lanta : Les 4 Terres,Hadja,False,True,False,True,,False,MULTI_FIELD_RESEARCH,8,HIGH,"Rechercher: profession exacte, pratique sportive, intensité, musculature pour Hadja (Koh-Lanta : Les 4 Terres, 2020)",True,True,UNIQUE,PASS,
KL32::bertrand-kamal († décédé avant la finale),KL32,Koh-Lanta : Les 4 Terres,Bertrand-Kamal († décédé avant la finale),False,True,False,True,,False,MULTI_FIELD_RESEARCH,7,HIGH,"Rechercher: profession exacte, pratique sportive, intensité, musculature pour Bertrand-Kamal († décédé avant la finale) (Koh-Lanta : Les 4 Terres, 2020)",True,True,UNIQUE,PASS,
KL32::joaquina,KL32,Koh-Lanta : Les 4 Terres,Joaquina,False,True,False,True,,False,MULTI_FIELD_RESEARCH,8,HIGH,"Rechercher: profession exacte, pratique sportive, intensité, musculature pour Joaquina (Koh-Lanta : Les 4 Terres, 2020)",True,True,UNIQUE,PASS,
KL32::jody,KL32,Koh-Lanta : Les 4 Terres,Jody,False,True,False,True,,False,MULTI_FIELD_RESEARCH,8,HIGH,"Rechercher: profession exacte, pratique sportive, intensité, musculature pour Jody (Koh-Lanta : Les 4 Terres, 2020)",True,True,UNIQUE,PASS,
KL32::laurent,KL32,Koh-Lanta : Les 4 Terres,Laurent,False,True,False,True,,False,MULTI_FIELD_RESEARCH,8,HIGH,"Rechercher: profession exacte, pratique sportive, intensité, musculature pour Laurent (Koh-Lanta : Les 4 Terres, 2020)",True,True,UNIQUE,PASS,
KL32::alix,KL32,Koh-Lanta : Les 4 Terres,Alix,False,True,False,True,,False,MULTI_FIELD_RESEARCH,8,HIGH,"Rechercher: profession exacte, pratique sportive, intensité, musculature pour Alix (Koh-Lanta : Les 4 Terres, 2020)",True,True,UNIQUE,PASS,
KL32::fabrice,KL32,Koh-Lanta : Les 4 Terres,Fabrice,False,True,False,True,,False,MULTI_FIELD_RESEARCH,8,HIGH,"Rechercher: profession exacte, pratique sportive, intensité, musculature pour Fabrice (Koh-Lanta : Les 4 Terres, 2020)",True,True,UNIQUE,PASS,
KL32::ava,KL32,Koh-Lanta : Les 4 Terres,Ava,False,True,False,True,,False,MULTI_FIELD_RESEARCH,8,HIGH,"Rechercher: profession exacte, pratique sportive, intensité, musculature pour Ava (Koh-Lanta : Les 4 Terres, 2020)",True,True,UNIQUE,PASS,
KL32::angélique,KL32,Koh-Lanta : Les 4 Terres,Angélique,False,True,False,True,,False,MULTI_FIELD_RESEARCH,8,HIGH,"Rechercher: profession exacte, pratique sportive, intensité, musculature pour Angélique (Koh-Lanta : Les 4 Terres, 2020)",True,True,UNIQUE,PASS,
KL32::dorian,KL32,Koh-Lanta : Les 4 Terres,Dorian,False,True,False,True,,False,MULTI_FIELD_RESEARCH,8,HIGH,"Rechercher: profession exacte, pratique sportive, intensité, musculature pour Dorian (Koh-Lanta : Les 4 Terres, 2020)",True,True,UNIQUE,PASS,
KL32::lola,KL32,Koh-Lanta : Les 4 Terres,Lola,False,True,False,True,,False,MULTI_FIELD_RESEARCH,8,HIGH,"Rechercher: profession exacte, pratique sportive, intensité, musculature pour Lola (Koh-Lanta : Les 4 Terres, 2020)",True,True,UNIQUE,PASS,
KL32::loïc,KL32,Koh-Lanta : Les 4 Terres,Loïc,False,True,False,True,,False,MULTI_FIELD_RESEARCH,8,HIGH,"Rechercher: profession exacte, pratique sportive, intensité, musculature pour Loïc (Koh-Lanta : Les 4 Terres, 2020)",True,True,UNIQUE,PASS,
KL32::brice,KL32,Koh-Lanta : Les 4 Terres,Brice,False,True,False,True,,False,MULTI_FIELD_RESEARCH,8,HIGH,"Rechercher: profession exacte, pratique sportive, intensité, musculature pour Brice (Koh-Lanta : Les 4 Terres, 2020)",True,True,UNIQUE,PASS,
KL32::alexandra,KL32,Koh-Lanta : Les 4 Terres,Alexandra,False,True,False,True,,False,MULTI_FIELD_RESEARCH,8,HIGH,"Rechercher: profession exacte, pratique sportive, intensité, musculature pour Alexandra (Koh-Lanta : Les 4 Terres, 2020)",True,True,UNIQUE,PASS,
KL27::steve grenier,KL27,Koh-Lanta : Les Chasseurs d'Immunité,Steve Grenier,False,True,False,True,,False,MULTI_FIELD_RESEARCH,8,HIGH,"Rechercher: profession exacte, pratique sportive, intensité, musculature pour Steve Grenier (Koh-Lanta : Les Chasseurs d'Immunité, 2024)",True,True,UNIQUE,PASS,
KL27::alicia bouly,KL27,Koh-Lanta : Les Chasseurs d'Immunité,Alicia Bouly,False,True,False,True,,False,MULTI_FIELD_RESEARCH,8,HIGH,"Rechercher: profession exacte, pratique sportive, intensité, musculature pour Alicia Bouly (Koh-Lanta : Les Chasseurs d'Immunité, 2024)",True,True,UNIQUE,PASS,
KL27::nathalie suhard,KL27,Koh-Lanta : Les Chasseurs d'Immunité,Nathalie Suhard,False,True,False,True,,False,MULTI_FIELD_RESEARCH,8,HIGH,"Rechercher: profession exacte, pratique sportive, intensité, musculature pour Nathalie Suhard (Koh-Lanta : Les Chasseurs d'Immunité, 2024)",True,True,UNIQUE,PASS,
KL27::william plancq,KL27,Koh-Lanta : Les Chasseurs d'Immunité,William Plancq,False,True,False,True,,False,MULTI_FIELD_RESEARCH,8,HIGH,"Rechercher: profession exacte, pratique sportive, intensité, musculature pour William Plancq (Koh-Lanta : Les Chasseurs d'Immunité, 2024)",True,True,UNIQUE,PASS,
KL27::alexis tchernychev,KL27,Koh-Lanta : Les Chasseurs d'Immunité,Alexis Tchernychev,False,True,False,True,,False,MULTI_FIELD_RESEARCH,8,HIGH,"Rechercher: profession exacte, pratique sportive, intensité, musculature pour Alexis Tchernychev (Koh-Lanta : Les Chasseurs d'Immunité, 2024)",True,True,UNIQUE,PASS,
KL27::émilie clavis,KL27,Koh-Lanta : Les Chasseurs d'Immunité,Émilie Clavis,False,True,False,True,,False,MULTI_FIELD_RESEARCH,8,HIGH,"Rechercher: profession exacte, pratique sportive, intensité, musculature pour Émilie Clavis (Koh-Lanta : Les Chasseurs d'Immunité, 2024)",True,True,UNIQUE,PASS,
KL27::sarah diawara,KL27,Koh-Lanta : Les Chasseurs d'Immunité,Sarah Diawara,False,True,False,True,,False,MULTI_FIELD_RESEARCH,8,HIGH,"Rechercher: profession exacte, pratique sportive, intensité, musculature pour Sarah Diawara (Koh-Lanta : Les Chasseurs d'Immunité, 2024)",True,True,UNIQUE,PASS,
KL27::maxime barbet,KL27,Koh-Lanta : Les Chasseurs d'Immunité,Maxime Barbet,False,True,False,True,,False,MULTI_FIELD_RESEARCH,8,HIGH,"Rechercher: profession exacte, pratique sportive, intensité, musculature pour Maxime Barbet (Koh-Lanta : Les Chasseurs d'Immunité, 2024)",True,True,UNIQUE,PASS,
KL27::ricky poyet,KL27,Koh-Lanta : Les Chasseurs d'Immunité,Ricky Poyet,False,True,False,True,,False,MULTI_FIELD_RESEARCH,8,HIGH,"Rechercher: profession exacte, pratique sportive, intensité, musculature pour Ricky Poyet (Koh-Lanta : Les Chasseurs d'Immunité, 2024)",True,True,UNIQUE,PASS,
KL27::léa notardonato,KL27,Koh-Lanta : Les Chasseurs d'Immunité,Léa Notardonato,False,True,False,True,,False,MULTI_FIELD_RESEARCH,8,HIGH,"Rechercher: profession exacte, pratique sportive, intensité, musculature pour Léa Notardonato (Koh-Lanta : Les Chasseurs d'Immunité, 2024)",True,True,UNIQUE,PASS,
KL27::océane montenegro,KL27,Koh-Lanta : Les Chasseurs d'Immunité,Océane Montenegro,False,True,False,True,,False,MULTI_FIELD_RESEARCH,8,HIGH,"Rechercher: profession exacte, pratique sportive, intensité, musculature pour Océane Montenegro (Koh-Lanta : Les Chasseurs d'Immunité, 2024)",True,True,UNIQUE,PASS,
KL27::cécile poprawa,KL27,Koh-Lanta : Les Chasseurs d'Immunité,Cécile Poprawa,False,True,False,True,,False,MULTI_FIELD_RESEARCH,8,HIGH,"Rechercher: profession exacte, pratique sportive, intensité, musculature pour Cécile Poprawa (Koh-Lanta : Les Chasseurs d'Immunité, 2024)",True,True,UNIQUE,PASS,
KL27::sébastien cazaux returned to game,KL27,Koh-Lanta : Les Chasseurs d'Immunité,Sébastien Cazaux Returned to Game,False,True,False,True,,False,MULTI_FIELD_RESEARCH,7,HIGH,"Rechercher: profession exacte, pratique sportive, intensité, musculature pour Sébastien Cazaux Returned to Game (Koh-Lanta : Les Chasseurs d'Immunité, 2024)",True,True,UNIQUE,PASS,
KL27::aurélien dulau,KL27,Koh-Lanta : Les Chasseurs d'Immunité,Aurélien Dulau,False,True,False,True,,False,MULTI_FIELD_RESEARCH,8,HIGH,"Rechercher: profession exacte, pratique sportive, intensité, musculature pour Aurélien Dulau (Koh-Lanta : Les Chasseurs d'Immunité, 2024)",True,True,UNIQUE,PASS,
KL27::jean belmonte,KL27,Koh-Lanta : Les Chasseurs d'Immunité,Jean Belmonte,False,True,False,True,,False,MULTI_FIELD_RESEARCH,8,HIGH,"Rechercher: profession exacte, pratique sportive, intensité, musculature pour Jean Belmonte (Koh-Lanta : Les Chasseurs d'Immunité, 2024)",True,True,UNIQUE,PASS,
KL27::mégane rouland,KL27,Koh-Lanta : Les Chasseurs d'Immunité,Mégane Rouland,False,True,False,True,,False,MULTI_FIELD_RESEARCH,8,HIGH,"Rechercher: profession exacte, pratique sportive, intensité, musculature pour Mégane Rouland (Koh-Lanta : Les Chasseurs d'Immunité, 2024)",True,True,UNIQUE,PASS,
KL27::david murail,KL27,Koh-Lanta : Les Chasseurs d'Immunité,David Murail,False,True,False,True,,False,MULTI_FIELD_RESEARCH,8,HIGH,"Rechercher: profession exacte, pratique sportive, intensité, musculature pour David Murail (Koh-Lanta : Les Chasseurs d'Immunité, 2024)",True,True,UNIQUE,PASS,
KL27::sébastien cazaux,KL27,Koh-Lanta : Les Chasseurs d'Immunité,Sébastien Cazaux,False,True,False,True,,False,MULTI_FIELD_RESEARCH,8,HIGH,"Rechercher: profession exacte, pratique sportive, intensité, musculature pour Sébastien Cazaux (Koh-Lanta : Les Chasseurs d'Immunité, 2024)",True,True,UNIQUE,PASS,
KL27::amri madani,KL27,Koh-Lanta : Les Chasseurs d'Immunité,Amri Madani,False,True,False,True,,False,MULTI_FIELD_RESEARCH,8,HIGH,"Rechercher: profession exacte, pratique sportive, intensité, musculature pour Amri Madani (Koh-Lanta : Les Chasseurs d'Immunité, 2024)",True,True,UNIQUE,PASS,
KL27::pauline bonneil,KL27,Koh-Lanta : Les Chasseurs d'Immunité,Pauline Bonneil,False,True,False,True,,False,MULTI_FIELD_RESEARCH,8,HIGH,"Rechercher: profession exacte, pratique sportive, intensité, musculature pour Pauline Bonneil (Koh-Lanta : Les Chasseurs d'Immunité, 2024)",True,True,UNIQUE,PASS,
KL27::julie rignault,KL27,Koh-Lanta : Les Chasseurs d'Immunité,Julie Rignault,False,True,False,True,,False,MULTI_FIELD_RESEARCH,8,HIGH,"Rechercher: profession exacte, pratique sportive, intensité, musculature pour Julie Rignault (Koh-Lanta : Les Chasseurs d'Immunité, 2024)",True,True,UNIQUE,PASS,
KL27::meïssa seck,KL27,Koh-Lanta : Les Chasseurs d'Immunité,Meïssa Seck,False,True,False,True,,False,MULTI_FIELD_RESEARCH,8,HIGH,"Rechercher: profession exacte, pratique sportive, intensité, musculature pour Meïssa Seck (Koh-Lanta : Les Chasseurs d'Immunité, 2024)",True,True,UNIQUE,PASS,
KL27::léa sahin,KL27,Koh-Lanta : Les Chasseurs d'Immunité,Léa Sahin,False,True,False,True,,False,MULTI_FIELD_RESEARCH,8,HIGH,"Rechercher: profession exacte, pratique sportive, intensité, musculature pour Léa Sahin (Koh-Lanta : Les Chasseurs d'Immunité, 2024)",True,True,UNIQUE,PASS,
KL15::mélanie,KL15,Koh-Lanta : Malaisie,Mélanie,False,True,False,True,,False,MULTI_FIELD_RESEARCH,8,HIGH,"Rechercher: profession exacte, pratique sportive, intensité, musculature pour Mélanie (Koh-Lanta : Malaisie, 2012)",True,True,UNIQUE,PASS,
KL15::mickaël,KL15,Koh-Lanta : Malaisie,Mickaël,False,True,False,True,,False,MULTI_FIELD_RESEARCH,8,HIGH,"Rechercher: profession exacte, pratique sportive, intensité, musculature pour Mickaël (Koh-Lanta : Malaisie, 2012)",True,True,UNIQUE,PASS,
KL15::sara [ n 1 ],KL15,Koh-Lanta : Malaisie,Sara [ N 1 ],False,True,False,True,,False,MULTI_FIELD_RESEARCH,7,HIGH,"Rechercher: profession exacte, pratique sportive, intensité, musculature pour Sara [ N 1 ] (Koh-Lanta : Malaisie, 2012)",True,True,UNIQUE,PASS,
KL15::nadine,KL15,Koh-Lanta : Malaisie,Nadine,False,True,False,True,,False,MULTI_FIELD_RESEARCH,8,HIGH,"Rechercher: profession exacte, pratique sportive, intensité, musculature pour Nadine (Koh-Lanta : Malaisie, 2012)",True,True,UNIQUE,PASS,
KL15::élodie,KL15,Koh-Lanta : Malaisie,Élodie,False,True,False,True,,False,MULTI_FIELD_RESEARCH,8,HIGH,"Rechercher: profession exacte, pratique sportive, intensité, musculature pour Élodie (Koh-Lanta : Malaisie, 2012)",True,True,UNIQUE,PASS,
KL15::marie [ n 2 ],KL15,Koh-Lanta : Malaisie,Marie [ N 2 ],False,True,False,True,,False,MULTI_FIELD_RESEARCH,7,HIGH,"Rechercher: profession exacte, pratique sportive, intensité, musculature pour Marie [ N 2 ] (Koh-Lanta : Malaisie, 2012)",True,True,UNIQUE,PASS,
KL15::anthony,KL15,Koh-Lanta : Malaisie,Anthony,False,True,False,True,,False,MULTI_FIELD_RESEARCH,8,HIGH,"Rechercher: profession exacte, pratique sportive, intensité, musculature pour Anthony (Koh-Lanta : Malaisie, 2012)",True,True,UNIQUE,PASS,
KL15::javier [ n 3 ],KL15,Koh-Lanta : Malaisie,Javier [ N 3 ],False,True,False,True,,False,MULTI_FIELD_RESEARCH,7,HIGH,"Rechercher: profession exacte, pratique sportive, intensité, musculature pour Javier [ N 3 ] (Koh-Lanta : Malaisie, 2012)",True,True,UNIQUE,PASS,
KL15::namadia [ n 4 ],KL15,Koh-Lanta : Malaisie,Namadia [ N 4 ],False,True,False,True,,False,MULTI_FIELD_RESEARCH,7,HIGH,"Rechercher: profession exacte, pratique sportive, intensité, musculature pour Namadia [ N 4 ] (Koh-Lanta : Malaisie, 2012)",True,True,UNIQUE,PASS,
KL15::marylou,KL15,Koh-Lanta : Malaisie,Marylou,False,True,False,True,,False,MULTI_FIELD_RESEARCH,8,HIGH,"Rechercher: profession exacte, pratique sportive, intensité, musculature pour Marylou (Koh-Lanta : Malaisie, 2012)",True,True,UNIQUE,PASS,
KL15::catherine,KL15,Koh-Lanta : Malaisie,Catherine,False,True,False,True,,False,MULTI_FIELD_RESEARCH,8,HIGH,"Rechercher: profession exacte, pratique sportive, intensité, musculature pour Catherine (Koh-Lanta : Malaisie, 2012)",True,True,UNIQUE,PASS,
KL15::camille,KL15,Koh-Lanta : Malaisie,Camille,False,True,False,True,,False,MULTI_FIELD_RESEARCH,8,HIGH,"Rechercher: profession exacte, pratique sportive, intensité, musculature pour Camille (Koh-Lanta : Malaisie, 2012)",True,True,UNIQUE,PASS,
KL15::charles,KL15,Koh-Lanta : Malaisie,Charles,False,True,False,True,,False,MULTI_FIELD_RESEARCH,8,HIGH,"Rechercher: profession exacte, pratique sportive, intensité, musculature pour Charles (Koh-Lanta : Malaisie, 2012)",True,True,UNIQUE,PASS,
KL15::thierry,KL15,Koh-Lanta : Malaisie,Thierry,False,True,False,True,,False,MULTI_FIELD_RESEARCH,8,HIGH,"Rechercher: profession exacte, pratique sportive, intensité, musculature pour Thierry (Koh-Lanta : Malaisie, 2012)",True,True,UNIQUE,PASS,
KL15::myriam,KL15,Koh-Lanta : Malaisie,Myriam,False,True,False,True,,False,MULTI_FIELD_RESEARCH,8,HIGH,"Rechercher: profession exacte, pratique sportive, intensité, musculature pour Myriam (Koh-Lanta : Malaisie, 2012)",True,True,UNIQUE,PASS,
KL15::bernard,KL15,Koh-Lanta : Malaisie,Bernard,False,True,False,True,,False,MULTI_FIELD_RESEARCH,8,HIGH,"Rechercher: profession exacte, pratique sportive, intensité, musculature pour Bernard (Koh-Lanta : Malaisie, 2012)",True,True,UNIQUE,PASS,
KL15::philippe [ n 5 ],KL15,Koh-Lanta : Malaisie,Philippe [ N 5 ],False,True,False,True,,False,MULTI_FIELD_RESEARCH,7,HIGH,"Rechercher: profession exacte, pratique sportive, intensité, musculature pour Philippe [ N 5 ] (Koh-Lanta : Malaisie, 2012)",True,True,UNIQUE,PASS,
KL15::vanessa,KL15,Koh-Lanta : Malaisie,Vanessa,False,True,False,True,,False,MULTI_FIELD_RESEARCH,8,HIGH,"Rechercher: profession exacte, pratique sportive, intensité, musculature pour Vanessa (Koh-Lanta : Malaisie, 2012)",True,True,UNIQUE,PASS,
KL15::brice [ n 6 ],KL15,Koh-Lanta : Malaisie,Brice [ N 6 ],False,True,False,True,,False,MULTI_FIELD_RESEARCH,7,HIGH,"Rechercher: profession exacte, pratique sportive, intensité, musculature pour Brice [ N 6 ] (Koh-Lanta : Malaisie, 2012)",True,True,UNIQUE,PASS,
KL15::ugo [ n 7 ],KL15,Koh-Lanta : Malaisie,Ugo [ N 7 ],False,True,False,True,,False,MULTI_FIELD_RESEARCH,7,HIGH,"Rechercher: profession exacte, pratique sportive, intensité, musculature pour Ugo [ N 7 ] (Koh-Lanta : Malaisie, 2012)",True,True,UNIQUE,PASS,
KL13::lisa legouverneur,KL13,Koh-Lanta : Raja Ampat,Lisa Legouverneur,False,True,False,True,0.0,False,MULTI_FIELD_RESEARCH,8,HIGH,"Rechercher: profession exacte, pratique sportive, intensité, musculature pour Lisa Legouverneur (Koh-Lanta : Raja Ampat, 2011)",True,True,UNIQUE,PASS,
KL13::catherine diard,KL13,Koh-Lanta : Raja Ampat,Catherine Diard,False,True,False,True,1.0,False,MULTI_FIELD_RESEARCH,8,HIGH,"Rechercher: profession exacte, pratique sportive, intensité, musculature pour Catherine Diard (Koh-Lanta : Raja Ampat, 2011)",True,True,UNIQUE,PASS,
KL13::steve lemercier,KL13,Koh-Lanta : Raja Ampat,Steve Lemercier,False,True,False,True,,False,MULTI_FIELD_RESEARCH,8,HIGH,"Rechercher: profession exacte, pratique sportive, intensité, musculature pour Steve Lemercier (Koh-Lanta : Raja Ampat, 2011)",True,True,UNIQUE,PASS,
"KL13::gérard ""gégé"" icardi",KL13,Koh-Lanta : Raja Ampat,"Gérard ""Gégé"" Icardi",False,True,False,True,,False,MULTI_FIELD_RESEARCH,7,HIGH,"Rechercher: profession exacte, pratique sportive, intensité, musculature pour Gérard ""Gégé"" Icardi (Koh-Lanta : Raja Ampat, 2011)",True,True,UNIQUE,PASS,
"KL13::nawal ""naouel"" hadjaf",KL13,Koh-Lanta : Raja Ampat,"Nawal ""Naouel"" Hadjaf",False,True,False,True,,False,MULTI_FIELD_RESEARCH,7,HIGH,"Rechercher: profession exacte, pratique sportive, intensité, musculature pour Nawal ""Naouel"" Hadjaf (Koh-Lanta : Raja Ampat, 2011)",True,True,UNIQUE,PASS,
KL13::benoît mahieux,KL13,Koh-Lanta : Raja Ampat,Benoît Mahieux,False,True,False,True,,False,MULTI_FIELD_RESEARCH,8,HIGH,"Rechercher: profession exacte, pratique sportive, intensité, musculature pour Benoît Mahieux (Koh-Lanta : Raja Ampat, 2011)",True,True,UNIQUE,PASS,
KL13::délisia fettache,KL13,Koh-Lanta : Raja Ampat,Délisia Fettache,False,True,False,True,,False,MULTI_FIELD_RESEARCH,8,HIGH,"Rechercher: profession exacte, pratique sportive, intensité, musculature pour Délisia Fettache (Koh-Lanta : Raja Ampat, 2011)",True,True,UNIQUE,PASS,
KL13::caroline matteucci,KL13,Koh-Lanta : Raja Ampat,Caroline Matteucci,False,True,False,True,,False,MULTI_FIELD_RESEARCH,8,HIGH,"Rechercher: profession exacte, pratique sportive, intensité, musculature pour Caroline Matteucci (Koh-Lanta : Raja Ampat, 2011)",True,True,UNIQUE,PASS,
KL13::maxime boulet,KL13,Koh-Lanta : Raja Ampat,Maxime Boulet,False,True,False,True,,False,MULTI_FIELD_RESEARCH,8,HIGH,"Rechercher: profession exacte, pratique sportive, intensité, musculature pour Maxime Boulet (Koh-Lanta : Raja Ampat, 2011)",True,True,UNIQUE,PASS,
KL13::anthony amar,KL13,Koh-Lanta : Raja Ampat,Anthony Amar,False,True,False,True,,False,MULTI_FIELD_RESEARCH,8,HIGH,"Rechercher: profession exacte, pratique sportive, intensité, musculature pour Anthony Amar (Koh-Lanta : Raja Ampat, 2011)",True,True,UNIQUE,PASS,
KL13::olivier moenaert,KL13,Koh-Lanta : Raja Ampat,Olivier Moenaert,False,True,False,True,,False,MULTI_FIELD_RESEARCH,8,HIGH,"Rechercher: profession exacte, pratique sportive, intensité, musculature pour Olivier Moenaert (Koh-Lanta : Raja Ampat, 2011)",True,True,UNIQUE,PASS,
KL13::florence delbarre reuter,KL13,Koh-Lanta : Raja Ampat,Florence Delbarre Reuter,False,True,False,True,,False,MULTI_FIELD_RESEARCH,7,HIGH,"Rechercher: profession exacte, pratique sportive, intensité, musculature pour Florence Delbarre Reuter (Koh-Lanta : Raja Ampat, 2011)",True,True,UNIQUE,PASS,
KL13::virginie jarry,KL13,Koh-Lanta : Raja Ampat,Virginie Jarry,False,True,False,True,,False,MULTI_FIELD_RESEARCH,8,HIGH,"Rechercher: profession exacte, pratique sportive, intensité, musculature pour Virginie Jarry (Koh-Lanta : Raja Ampat, 2011)",True,True,UNIQUE,PASS,
KL13::patricia morel,KL13,Koh-Lanta : Raja Ampat,Patricia Morel,False,True,False,True,,False,MULTI_FIELD_RESEARCH,8,HIGH,"Rechercher: profession exacte, pratique sportive, intensité, musculature pour Patricia Morel (Koh-Lanta : Raja Ampat, 2011)",True,True,UNIQUE,PASS,
KL13::alexandra pouillon,KL13,Koh-Lanta : Raja Ampat,Alexandra Pouillon,False,True,False,True,,False,MULTI_FIELD_RESEARCH,8,HIGH,"Rechercher: profession exacte, pratique sportive, intensité, musculature pour Alexandra Pouillon (Koh-Lanta : Raja Ampat, 2011)",True,True,UNIQUE,PASS,
KL13::martin bazin,KL13,Koh-Lanta : Raja Ampat,Martin Bazin,False,True,False,True,,False,MULTI_FIELD_RESEARCH,8,HIGH,"Rechercher: profession exacte, pratique sportive, intensité, musculature pour Martin Bazin (Koh-Lanta : Raja Ampat, 2011)",True,True,UNIQUE,PASS,
KL13::ella gbezan,KL13,Koh-Lanta : Raja Ampat,Ella Gbezan,False,True,False,True,,False,MULTI_FIELD_RESEARCH,8,HIGH,"Rechercher: profession exacte, pratique sportive, intensité, musculature pour Ella Gbezan (Koh-Lanta : Raja Ampat, 2011)",True,True,UNIQUE,PASS,
KL13::laurent maistret,KL13,Koh-Lanta : Raja Ampat,Laurent Maistret,False,True,False,True,,False,MULTI_FIELD_RESEARCH,8,HIGH,"Rechercher: profession exacte, pratique sportive, intensité, musculature pour Laurent Maistret (Koh-Lanta : Raja Ampat, 2011)",True,True,UNIQUE,PASS,
KL13::teheiura teahui,KL13,Koh-Lanta : Raja Ampat,Teheiura Teahui,False,True,False,True,,False,MULTI_FIELD_RESEARCH,8,HIGH,"Rechercher: profession exacte, pratique sportive, intensité, musculature pour Teheiura Teahui (Koh-Lanta : Raja Ampat, 2011)",True,True,UNIQUE,PASS,
KL13::gérard urdampilleta,KL13,Koh-Lanta : Raja Ampat,Gérard Urdampilleta,False,True,False,True,,False,MULTI_FIELD_RESEARCH,8,HIGH,"Rechercher: profession exacte, pratique sportive, intensité, musculature pour Gérard Urdampilleta (Koh-Lanta : Raja Ampat, 2011)",True,True,UNIQUE,PASS,
