season_id,season_name,season_year,season_url,candidate_name,gender_raw,age_raw,profession_raw,final_position_raw,final_exit_order,final_exit_order_normalized,departure_day_raw,departure_description_raw,departure_type_normalized,departure_category,departure_model_category,departure_classification_reason,needs_departure_enrichment,departure_is_definitive,returned_to_game,first_exit_order,second_exit_order,returned_after_medical_replacement,same_day_exit_group,exit_order_ambiguity,exit_order_review_required,analysis_exit_order,analysis_exit_rule,all_cause_exit_event,censored_at_end,source_row_number,scraped_at
KL02,Koh-Lanta : Nicoya,2002,https://en.wikipedia.org/wiki/Koh-Lanta:_Nicoya,Jacky,,29,,Day 5,1,0.0,,Day 5,INDETERMINE,INDETERMINE,AUTRE_SORTIE,Mécanisme non identifiable,True,True,False,1,,False,,False,False,1,STANDARD,1,False,1,2026-07-20T22:50:21.697967+00:00
KL02,Koh-Lanta : Nicoya,2002,https://en.wikipedia.org/wiki/Koh-Lanta:_Nicoya,Xavier,,28,,Day 7,2,0.055556,,Day 7,INDETERMINE,INDETERMINE,AUTRE_SORTIE,Mécanisme non identifiable,True,True,False,2,,False,,False,False,2,STANDARD,1,False,2,2026-07-20T22:50:21.697967+00:00
KL02,Koh-Lanta : Nicoya,2002,https://en.wikipedia.org/wiki/Koh-Lanta:_Nicoya,Caroline,,22,,Day 10,3,0.111111,,Day 10,INDETERMINE,INDETERMINE,AUTRE_SORTIE,Mécanisme non identifiable,True,True,False,3,,False,,False,False,3,STANDARD,1,False,3,2026-07-20T22:50:21.697967+00:00
KL02,Koh-Lanta : Nicoya,2002,https://en.wikipedia.org/wiki/Koh-Lanta:_Nicoya,Céline,,24,,Day 13,4,0.166667,,Day 13,INDETERMINE,INDETERMINE,AUTRE_SORTIE,Mécanisme non identifiable,True,True,False,4,,False,,False,False,4,STANDARD,1,False,4,2026-07-20T22:50:21.697967+00:00
KL02,Koh-Lanta : Nicoya,2002,https://en.wikipedia.org/wiki/Koh-Lanta:_Nicoya,Nelly,,51,,Day 16,5,0.222222,,Day 16,INDETERMINE,INDETERMINE,AUTRE_SORTIE,Mécanisme non identifiable,True,True,False,5,,False,,False,False,5,STANDARD,1,False,5,2026-07-20T22:50:21.697967+00:00
KL02,Koh-Lanta : Nicoya,2002,https://en.wikipedia.org/wiki/Koh-Lanta:_Nicoya,Pierre,,29,,Day 19,6,0.277778,,Day 19,INDETERMINE,INDETERMINE,AUTRE_SORTIE,Mécanisme non identifiable,True,True,False,6,,False,,False,False,6,STANDARD,1,False,6,2026-07-20T22:50:21.697967+00:00
KL02,Koh-Lanta : Nicoya,2002,https://en.wikipedia.org/wiki/Koh-Lanta:_Nicoya,Adonis,,33,,Day 22,7,0.333333,,Day 22,INDETERMINE,INDETERMINE,AUTRE_SORTIE,Mécanisme non identifiable,True,True,False,7,,False,,False,False,7,STANDARD,1,False,7,2026-07-20T22:50:21.697967+00:00
KL02,Koh-Lanta : Nicoya,2002,https://en.wikipedia.org/wiki/Koh-Lanta:_Nicoya,Béatrice,,22,,Day 25,8,0.388889,,Day 25,INDETERMINE,INDETERMINE,AUTRE_SORTIE,Mécanisme non identifiable,True,True,False,8,,False,,False,False,8,STANDARD,1,False,8,2026-07-20T22:50:21.697967+00:00
KL02,Koh-Lanta : Nicoya,2002,https://en.wikipedia.org/wiki/Koh-Lanta:_Nicoya,Koh-Lanta,,35,,Day 28,9,0.444444,,Day 28,INDETERMINE,INDETERMINE,AUTRE_SORTIE,Mécanisme non identifiable,True,True,False,9,,False,,False,False,9,STANDARD,1,False,9,2026-07-20T22:50:21.697967+00:00
KL02,Koh-Lanta : Nicoya,2002,https://en.wikipedia.org/wiki/Koh-Lanta:_Nicoya,Jimmy,,25,,Day 31,10,0.5,,Day 31,INDETERMINE,INDETERMINE,AUTRE_SORTIE,Mécanisme non identifiable,True,True,False,10,,False,,False,False,10,STANDARD,1,False,10,2026-07-20T22:50:21.697967+00:00
KL02,Koh-Lanta : Nicoya,2002,https://en.wikipedia.org/wiki/Koh-Lanta:_Nicoya,François-Xavier,,36,,Day 34,11,0.555556,,Day 34,INDETERMINE,INDETERMINE,AUTRE_SORTIE,Mécanisme non identifiable,True,True,False,11,,False,,False,False,11,STANDARD,1,False,11,2026-07-20T22:50:21.697967+00:00
KL02,Koh-Lanta : Nicoya,2002,https://en.wikipedia.org/wiki/Koh-Lanta:_Nicoya,François-Xavier & Isabelle,,25,,Day 37,12,0.611111,,Day 37,INDETERMINE,INDETERMINE,AUTRE_SORTIE,Mécanisme non identifiable,True,True,False,12,,False,,False,False,12,STANDARD,1,False,12,2026-07-20T22:50:21.697967+00:00
KL02,Koh-Lanta : Nicoya,2002,https://en.wikipedia.org/wiki/Koh-Lanta:_Nicoya,Nicolas,,34,,Day 38,13,0.666667,,Day 38,FINALISTE,FIN_DE_JEU,AUTRE_SORTIE,Finaliste confirmé par le tableau du jury,False,True,False,13,,False,,False,False,13,STANDARD,1,False,13,2026-07-20T22:50:21.697967+00:00
KL02,Koh-Lanta : Nicoya,2002,https://en.wikipedia.org/wiki/Koh-Lanta:_Nicoya,Marianne,,47,,Day 39,14,0.722222,,Day 39,INDETERMINE,INDETERMINE,AUTRE_SORTIE,Mécanisme non identifiable,True,True,False,14,,False,,False,False,14,STANDARD,1,False,14,2026-07-20T22:50:21.697967+00:00
KL02,Koh-Lanta : Nicoya,2002,https://en.wikipedia.org/wiki/Koh-Lanta:_Nicoya,Isabelle,,29,,Day 40,15,0.777778,,Day 40,INDETERMINE,INDETERMINE,AUTRE_SORTIE,Mécanisme non identifiable,True,True,False,15,,False,,False,False,15,STANDARD,1,False,15,2026-07-20T22:50:21.697967+00:00
KL02,Koh-Lanta : Nicoya,2002,https://en.wikipedia.org/wiki/Koh-Lanta:_Nicoya,Bernard,,28,,Sole survivor,16,0.833333,,Sole survivor,VAINQUEUR,FIN_DE_JEU,AUTRE_SORTIE,Sole Survivor,False,True,False,16,,False,,False,False,16,STANDARD,0,True,16,2026-07-20T22:50:21.697967+00:00
KL02,Koh-Lanta : Nicoya,2002,https://en.wikipedia.org/wiki/Koh-Lanta:_Nicoya,Maud,,,,,17,0.888889,,,INDETERMINE,INDETERMINE,AUTRE_SORTIE,Mécanisme non identifiable,True,True,False,17,,False,,False,False,17,STANDARD,1,False,17,2026-07-20T22:50:21.697967+00:00
KL02,Koh-Lanta : Nicoya,2002,https://en.wikipedia.org/wiki/Koh-Lanta:_Nicoya,"Amel, Nicolas, Bernard",,,,,18,0.944444,,,INDETERMINE,INDETERMINE,AUTRE_SORTIE,Mécanisme non identifiable,True,True,False,18,,False,,False,False,18,STANDARD,1,False,18,2026-07-20T22:50:21.697967+00:00
KL02,Koh-Lanta : Nicoya,2002,https://en.wikipedia.org/wiki/Koh-Lanta:_Nicoya,Amel,,,,,19,1.0,,,VAINQUEUR,FIN_DE_JEU,AUTRE_SORTIE,Vainqueur confirmé par le tableau du jury,False,True,False,19,,False,,False,False,19,STANDARD,0,True,19,2026-07-20T22:50:21.697967+00:00
