candidate_season_key,season_id,season_name,candidate_name,survival_time,final_position_raw,departure_type_normalized,departure_category,departure_model_category,final_departure_cause,source_url_1,source_excerpt_1,source_url_2,source_excerpt_2,source_quality,confidence,research_status,manual_reviewer_decision,researcher_notes,classification_rule,allowed_departure_causes
KL03::antoine sanchez,KL03,Koh-Lanta : Bocas del Toro,Antoine Sanchez,15.0,INDETERMINE,INDETERMINE,INDETERMINE,INDETERMINE,FINALE_ORIENTATION,https://kohlanta.fandom.com/fr/wiki/Koh-Lanta_%3A_Bocas_del_Toro,Antoine est éliminé lors de l'épreuve finale d'orientation au jour 38.,,,SECONDARY_DATABASE,HIGH,COMPLETE,ACCEPT_PROPOSAL,"Cause déterminée à partir du tableau et du résumé de saison. Lorsqu'un candidat revient après une première sortie, seule la première sortie est retenue.",Élimination pendant l'épreuve finale d'orientation.,VOTE_CONSEIL | MEDICAL | ELIMINATION_CHALLENGE | AMBASSADEURS | DESTINS_LIES | FINALE_ORIENTATION | FINALE_POTEAUX | VOLUNTARY | DISCIPLINARY_EXPULSION | OTHER | UNRESOLVED
KL03::moussa niangane,KL03,Koh-Lanta : Bocas del Toro,Moussa Niangane,16.0,INDETERMINE,INDETERMINE,INDETERMINE,INDETERMINE,FINALE_POTEAUX,https://kohlanta.fandom.com/fr/wiki/Koh-Lanta_%3A_Bocas_del_Toro,Moussa tombe le premier lors de l'épreuve des poteaux et n'est pas choisi pour le jury final.,,,SECONDARY_DATABASE,HIGH,COMPLETE,ACCEPT_PROPOSAL,"Cause déterminée à partir du tableau et du résumé de saison. Lorsqu'un candidat revient après une première sortie, seule la première sortie est retenue.",Élimination pendant l'épreuve finale des poteaux.,VOTE_CONSEIL | MEDICAL | ELIMINATION_CHALLENGE | AMBASSADEURS | DESTINS_LIES | FINALE_ORIENTATION | FINALE_POTEAUX | VOLUNTARY | DISCIPLINARY_EXPULSION | OTHER | UNRESOLVED
KL07::ali,KL07,KL KL07,Ali,1.0,INDETERMINE,INDETERMINE,INDETERMINE,INDETERMINE,VOLUNTARY,https://kohlanta.fandom.com/fr/wiki/Koh-Lanta_%3A_Palawan,"Ali décide volontairement de quitter l'aventure, ne supportant plus le manque de sa famille.",,,SECONDARY_DATABASE,HIGH,COMPLETE,ACCEPT_PROPOSAL,"Cause déterminée à partir du tableau et du résumé de saison. Lorsqu'un candidat revient après une première sortie, seule la première sortie est retenue.",Départ choisi volontairement par le candidat.,VOTE_CONSEIL | MEDICAL | ELIMINATION_CHALLENGE | AMBASSADEURS | DESTINS_LIES | FINALE_ORIENTATION | FINALE_POTEAUX | VOLUNTARY | DISCIPLINARY_EXPULSION | OTHER | UNRESOLVED
KL07::pascale,KL07,KL KL07,Pascale,2.0,INDETERMINE,INDETERMINE,INDETERMINE,INDETERMINE,VOTE_CONSEIL,https://kohlanta.fandom.com/fr/wiki/Koh-Lanta_%3A_Palawan,"Pascale est d'abord éliminée au Conseil, puis revient après l'abandon d'Ali ; seule sa première sortie est retenue.",,,SECONDARY_DATABASE,HIGH,COMPLETE,ACCEPT_PROPOSAL,"Cause déterminée à partir du tableau et du résumé de saison. Lorsqu'un candidat revient après une première sortie, seule la première sortie est retenue.",Première sortie uniquement : élimination décidée par vote au Conseil.,VOTE_CONSEIL | MEDICAL | ELIMINATION_CHALLENGE | AMBASSADEURS | DESTINS_LIES | FINALE_ORIENTATION | FINALE_POTEAUX | VOLUNTARY | DISCIPLINARY_EXPULSION | OTHER | UNRESOLVED
KL07::marie-laure,KL07,KL KL07,Marie-Laure,3.0,INDETERMINE,INDETERMINE,INDETERMINE,INDETERMINE,VOTE_CONSEIL,https://kohlanta.fandom.com/fr/wiki/Koh-Lanta_%3A_Palawan,Marie-Laure est éliminée au Conseil au jour 10.,,,SECONDARY_DATABASE,HIGH,COMPLETE,ACCEPT_PROPOSAL,"Cause déterminée à partir du tableau et du résumé de saison. Lorsqu'un candidat revient après une première sortie, seule la première sortie est retenue.",Élimination décidée par vote au Conseil.,VOTE_CONSEIL | MEDICAL | ELIMINATION_CHALLENGE | AMBASSADEURS | DESTINS_LIES | FINALE_ORIENTATION | FINALE_POTEAUX | VOLUNTARY | DISCIPLINARY_EXPULSION | OTHER | UNRESOLVED
KL07::mélanie,KL07,KL KL07,Mélanie,4.0,INDETERMINE,INDETERMINE,INDETERMINE,INDETERMINE,VOTE_CONSEIL,https://kohlanta.fandom.com/fr/wiki/Koh-Lanta_%3A_Palawan,Mélanie est éliminée au Conseil au jour 13.,,,SECONDARY_DATABASE,HIGH,COMPLETE,ACCEPT_PROPOSAL,"Cause déterminée à partir du tableau et du résumé de saison. Lorsqu'un candidat revient après une première sortie, seule la première sortie est retenue.",Élimination décidée par vote au Conseil.,VOTE_CONSEIL | MEDICAL | ELIMINATION_CHALLENGE | AMBASSADEURS | DESTINS_LIES | FINALE_ORIENTATION | FINALE_POTEAUX | VOLUNTARY | DISCIPLINARY_EXPULSION | OTHER | UNRESOLVED
KL07::véronique barriol,KL07,KL KL07,Véronique Barriol,5.0,INDETERMINE,INDETERMINE,INDETERMINE,INDETERMINE,VOTE_CONSEIL,https://kohlanta.fandom.com/fr/wiki/Koh-Lanta_%3A_Palawan,Véronique est éliminée au Conseil au jour 16.,,,SECONDARY_DATABASE,HIGH,COMPLETE,ACCEPT_PROPOSAL,"Cause déterminée à partir du tableau et du résumé de saison. Lorsqu'un candidat revient après une première sortie, seule la première sortie est retenue.",Élimination décidée par vote au Conseil.,VOTE_CONSEIL | MEDICAL | ELIMINATION_CHALLENGE | AMBASSADEURS | DESTINS_LIES | FINALE_ORIENTATION | FINALE_POTEAUX | VOLUNTARY | DISCIPLINARY_EXPULSION | OTHER | UNRESOLVED
KL07::chloé,KL07,KL KL07,Chloé,6.0,INDETERMINE,INDETERMINE,INDETERMINE,INDETERMINE,VOTE_CONSEIL,https://kohlanta.fandom.com/fr/wiki/Koh-Lanta_%3A_Palawan,Chloé est éliminée au Conseil au jour 19.,,,SECONDARY_DATABASE,HIGH,COMPLETE,ACCEPT_PROPOSAL,"Cause déterminée à partir du tableau et du résumé de saison. Lorsqu'un candidat revient après une première sortie, seule la première sortie est retenue.",Élimination décidée par vote au Conseil.,VOTE_CONSEIL | MEDICAL | ELIMINATION_CHALLENGE | AMBASSADEURS | DESTINS_LIES | FINALE_ORIENTATION | FINALE_POTEAUX | VOLUNTARY | DISCIPLINARY_EXPULSION | OTHER | UNRESOLVED
KL07::érick,KL07,KL KL07,Érick,7.0,INDETERMINE,INDETERMINE,INDETERMINE,INDETERMINE,VOTE_CONSEIL,https://kohlanta.fandom.com/fr/wiki/Koh-Lanta_%3A_Palawan,Érick reçoit un vote issu de la décision des ambassadeurs puis est éliminé au Conseil ; la sortie effective est classée comme vote au Conseil.,,,SECONDARY_DATABASE,HIGH,COMPLETE,ACCEPT_PROPOSAL,"Cause déterminée à partir du tableau et du résumé de saison. Lorsqu'un candidat revient après une première sortie, seule la première sortie est retenue.","Élimination décidée par vote au Conseil, malgré un handicap préalable lié aux ambassadeurs.",VOTE_CONSEIL | MEDICAL | ELIMINATION_CHALLENGE | AMBASSADEURS | DESTINS_LIES | FINALE_ORIENTATION | FINALE_POTEAUX | VOLUNTARY | DISCIPLINARY_EXPULSION | OTHER | UNRESOLVED
KL07::filomène,KL07,KL KL07,Filomène,8.0,INDETERMINE,INDETERMINE,INDETERMINE,INDETERMINE,VOTE_CONSEIL,https://kohlanta.fandom.com/fr/wiki/Koh-Lanta_%3A_Palawan,Filomène est éliminée au Conseil au jour 25.,,,SECONDARY_DATABASE,HIGH,COMPLETE,ACCEPT_PROPOSAL,"Cause déterminée à partir du tableau et du résumé de saison. Lorsqu'un candidat revient après une première sortie, seule la première sortie est retenue.",Élimination décidée par vote au Conseil.,VOTE_CONSEIL | MEDICAL | ELIMINATION_CHALLENGE | AMBASSADEURS | DESTINS_LIES | FINALE_ORIENTATION | FINALE_POTEAUX | VOLUNTARY | DISCIPLINARY_EXPULSION | OTHER | UNRESOLVED
KL07::adrien,KL07,KL KL07,Adrien,9.0,INDETERMINE,INDETERMINE,INDETERMINE,INDETERMINE,VOLUNTARY,https://kohlanta.fandom.com/fr/wiki/Koh-Lanta_%3A_Palawan,Adrien choisit de quitter l'aventure afin de permettre à Grégoire de revenir dans le jeu.,,,SECONDARY_DATABASE,HIGH,COMPLETE,ACCEPT_PROPOSAL,"Cause déterminée à partir du tableau et du résumé de saison. Lorsqu'un candidat revient après une première sortie, seule la première sortie est retenue.",Départ volontaire permettant le retour d'un candidat.,VOTE_CONSEIL | MEDICAL | ELIMINATION_CHALLENGE | AMBASSADEURS | DESTINS_LIES | FINALE_ORIENTATION | FINALE_POTEAUX | VOLUNTARY | DISCIPLINARY_EXPULSION | OTHER | UNRESOLVED
KL07::grégoire,KL07,KL KL07,Grégoire,10.0,INDETERMINE,INDETERMINE,INDETERMINE,INDETERMINE,VOTE_CONSEIL,https://kohlanta.fandom.com/fr/wiki/Koh-Lanta_%3A_Palawan,Grégoire est éliminé au Conseil avant de revenir après le départ volontaire d'Adrien ; seule sa première sortie est retenue.,,,SECONDARY_DATABASE,HIGH,COMPLETE,ACCEPT_PROPOSAL,"Cause déterminée à partir du tableau et du résumé de saison. Lorsqu'un candidat revient après une première sortie, seule la première sortie est retenue.",Première sortie uniquement : élimination décidée par vote au Conseil.,VOTE_CONSEIL | MEDICAL | ELIMINATION_CHALLENGE | AMBASSADEURS | DESTINS_LIES | FINALE_ORIENTATION | FINALE_POTEAUX | VOLUNTARY | DISCIPLINARY_EXPULSION | OTHER | UNRESOLVED
KL07::laurent,KL07,KL KL07,Laurent,11.0,INDETERMINE,INDETERMINE,INDETERMINE,INDETERMINE,VOTE_CONSEIL,https://kohlanta.fandom.com/fr/wiki/Koh-Lanta_%3A_Palawan,Laurent est éliminé au Conseil au jour 34.,,,SECONDARY_DATABASE,HIGH,COMPLETE,ACCEPT_PROPOSAL,"Cause déterminée à partir du tableau et du résumé de saison. Lorsqu'un candidat revient après une première sortie, seule la première sortie est retenue.",Élimination décidée par vote au Conseil.,VOTE_CONSEIL | MEDICAL | ELIMINATION_CHALLENGE | AMBASSADEURS | DESTINS_LIES | FINALE_ORIENTATION | FINALE_POTEAUX | VOLUNTARY | DISCIPLINARY_EXPULSION | OTHER | UNRESOLVED
KL07::patrick,KL07,KL KL07,Patrick,12.0,INDETERMINE,INDETERMINE,INDETERMINE,INDETERMINE,VOTE_CONSEIL,https://kohlanta.fandom.com/fr/wiki/Koh-Lanta_%3A_Palawan,Patrick est éliminé au Conseil au jour 37.,,,SECONDARY_DATABASE,HIGH,COMPLETE,ACCEPT_PROPOSAL,"Cause déterminée à partir du tableau et du résumé de saison. Lorsqu'un candidat revient après une première sortie, seule la première sortie est retenue.",Élimination décidée par vote au Conseil.,VOTE_CONSEIL | MEDICAL | ELIMINATION_CHALLENGE | AMBASSADEURS | DESTINS_LIES | FINALE_ORIENTATION | FINALE_POTEAUX | VOLUNTARY | DISCIPLINARY_EXPULSION | OTHER | UNRESOLVED
KL07::simon,KL07,KL KL07,Simon,13.0,INDETERMINE,INDETERMINE,INDETERMINE,INDETERMINE,FINALE_ORIENTATION,https://kohlanta.fandom.com/fr/wiki/Koh-Lanta_%3A_Palawan,Simon est éliminé lors de l'épreuve finale d'orientation.,,,SECONDARY_DATABASE,HIGH,COMPLETE,ACCEPT_PROPOSAL,"Cause déterminée à partir du tableau et du résumé de saison. Lorsqu'un candidat revient après une première sortie, seule la première sortie est retenue.",Élimination pendant l'épreuve finale d'orientation.,VOTE_CONSEIL | MEDICAL | ELIMINATION_CHALLENGE | AMBASSADEURS | DESTINS_LIES | FINALE_ORIENTATION | FINALE_POTEAUX | VOLUNTARY | DISCIPLINARY_EXPULSION | OTHER | UNRESOLVED
KL07::maryline,KL07,KL KL07,Maryline,14.0,INDETERMINE,INDETERMINE,INDETERMINE,INDETERMINE,FINALE_POTEAUX,https://kohlanta.fandom.com/fr/wiki/Koh-Lanta_%3A_Palawan,Maryline est éliminée lors de l'épreuve finale des poteaux.,,,SECONDARY_DATABASE,HIGH,COMPLETE,ACCEPT_PROPOSAL,"Cause déterminée à partir du tableau et du résumé de saison. Lorsqu'un candidat revient après une première sortie, seule la première sortie est retenue.",Élimination pendant l'épreuve finale des poteaux.,VOTE_CONSEIL | MEDICAL | ELIMINATION_CHALLENGE | AMBASSADEURS | DESTINS_LIES | FINALE_ORIENTATION | FINALE_POTEAUX | VOLUNTARY | DISCIPLINARY_EXPULSION | OTHER | UNRESOLVED
KL08::valérie,KL08,KL KL08,Valérie,1.0,INDETERMINE,INDETERMINE,INDETERMINE,INDETERMINE,VOLUNTARY,https://kohlanta.fandom.com/fr/wiki/Koh-Lanta_%3A_Caramoan,Valérie quitte volontairement l'aventure au jour 4.,,,SECONDARY_DATABASE,HIGH,COMPLETE,ACCEPT_PROPOSAL,"Cause déterminée à partir du tableau et du résumé de saison. Lorsqu'un candidat revient après une première sortie, seule la première sortie est retenue.",Départ choisi volontairement par la candidate.,VOTE_CONSEIL | MEDICAL | ELIMINATION_CHALLENGE | AMBASSADEURS | DESTINS_LIES | FINALE_ORIENTATION | FINALE_POTEAUX | VOLUNTARY | DISCIPLINARY_EXPULSION | OTHER | UNRESOLVED
KL08::céga,KL08,KL KL08,Céga,2.0,INDETERMINE,INDETERMINE,INDETERMINE,INDETERMINE,MEDICAL,https://kohlanta.fandom.com/fr/wiki/Koh-Lanta_%3A_Caramoan,Céga quitte l'aventure pour raison médicale au jour 5.,,,SECONDARY_DATABASE,HIGH,COMPLETE,ACCEPT_PROPOSAL,"Cause déterminée à partir du tableau et du résumé de saison. Lorsqu'un candidat revient après une première sortie, seule la première sortie est retenue.",Sortie imposée pour raison médicale.,VOTE_CONSEIL | MEDICAL | ELIMINATION_CHALLENGE | AMBASSADEURS | DESTINS_LIES | FINALE_ORIENTATION | FINALE_POTEAUX | VOLUNTARY | DISCIPLINARY_EXPULSION | OTHER | UNRESOLVED
KL08::irya,KL08,KL KL08,Irya,3.0,INDETERMINE,INDETERMINE,INDETERMINE,INDETERMINE,VOTE_CONSEIL,https://kohlanta.fandom.com/fr/wiki/Koh-Lanta_%3A_Caramoan,Irya est éliminée au Conseil au jour 6.,,,SECONDARY_DATABASE,HIGH,COMPLETE,ACCEPT_PROPOSAL,"Cause déterminée à partir du tableau et du résumé de saison. Lorsqu'un candidat revient après une première sortie, seule la première sortie est retenue.",Élimination décidée par vote au Conseil.,VOTE_CONSEIL | MEDICAL | ELIMINATION_CHALLENGE | AMBASSADEURS | DESTINS_LIES | FINALE_ORIENTATION | FINALE_POTEAUX | VOLUNTARY | DISCIPLINARY_EXPULSION | OTHER | UNRESOLVED
KL08::morgane,KL08,KL KL08,Morgane,4.0,INDETERMINE,INDETERMINE,INDETERMINE,INDETERMINE,VOTE_CONSEIL,https://kohlanta.fandom.com/fr/wiki/Koh-Lanta_%3A_Caramoan,Morgane est éliminée au Conseil au jour 9.,,,SECONDARY_DATABASE,HIGH,COMPLETE,ACCEPT_PROPOSAL,"Cause déterminée à partir du tableau et du résumé de saison. Lorsqu'un candidat revient après une première sortie, seule la première sortie est retenue.",Élimination décidée par vote au Conseil.,VOTE_CONSEIL | MEDICAL | ELIMINATION_CHALLENGE | AMBASSADEURS | DESTINS_LIES | FINALE_ORIENTATION | FINALE_POTEAUX | VOLUNTARY | DISCIPLINARY_EXPULSION | OTHER | UNRESOLVED
KL08::jessica,KL08,KL KL08,Jessica,5.0,INDETERMINE,INDETERMINE,INDETERMINE,INDETERMINE,VOTE_CONSEIL,https://kohlanta.fandom.com/fr/wiki/Koh-Lanta_%3A_Caramoan,Jessica est éliminée au Conseil au jour 12.,,,SECONDARY_DATABASE,HIGH,COMPLETE,ACCEPT_PROPOSAL,"Cause déterminée à partir du tableau et du résumé de saison. Lorsqu'un candidat revient après une première sortie, seule la première sortie est retenue.",Élimination décidée par vote au Conseil.,VOTE_CONSEIL | MEDICAL | ELIMINATION_CHALLENGE | AMBASSADEURS | DESTINS_LIES | FINALE_ORIENTATION | FINALE_POTEAUX | VOLUNTARY | DISCIPLINARY_EXPULSION | OTHER | UNRESOLVED
KL08::alain,KL08,KL KL08,Alain,6.0,INDETERMINE,INDETERMINE,INDETERMINE,INDETERMINE,VOTE_CONSEIL,https://kohlanta.fandom.com/fr/wiki/Koh-Lanta_%3A_Caramoan,Alain est éliminé au Conseil au jour 15.,,,SECONDARY_DATABASE,HIGH,COMPLETE,ACCEPT_PROPOSAL,"Cause déterminée à partir du tableau et du résumé de saison. Lorsqu'un candidat revient après une première sortie, seule la première sortie est retenue.",Élimination décidée par vote au Conseil.,VOTE_CONSEIL | MEDICAL | ELIMINATION_CHALLENGE | AMBASSADEURS | DESTINS_LIES | FINALE_ORIENTATION | FINALE_POTEAUX | VOLUNTARY | DISCIPLINARY_EXPULSION | OTHER | UNRESOLVED
KL08::jean-bernard,KL08,KL KL08,Jean-Bernard,7.0,INDETERMINE,INDETERMINE,INDETERMINE,INDETERMINE,VOTE_CONSEIL,https://kohlanta.fandom.com/fr/wiki/Koh-Lanta_%3A_Caramoan,Jean-Bernard est éliminé au Conseil au jour 18.,,,SECONDARY_DATABASE,HIGH,COMPLETE,ACCEPT_PROPOSAL,"Cause déterminée à partir du tableau et du résumé de saison. Lorsqu'un candidat revient après une première sortie, seule la première sortie est retenue.",Élimination décidée par vote au Conseil.,VOTE_CONSEIL | MEDICAL | ELIMINATION_CHALLENGE | AMBASSADEURS | DESTINS_LIES | FINALE_ORIENTATION | FINALE_POTEAUX | VOLUNTARY | DISCIPLINARY_EXPULSION | OTHER | UNRESOLVED
KL08::christopher,KL08,KL KL08,Christopher,8.0,INDETERMINE,INDETERMINE,INDETERMINE,INDETERMINE,MEDICAL,https://kohlanta.fandom.com/fr/wiki/Koh-Lanta_%3A_Caramoan,Christopher quitte l'aventure à la suite d'un abandon médical au jour 22.,,,SECONDARY_DATABASE,HIGH,COMPLETE,ACCEPT_PROPOSAL,"Cause déterminée à partir du tableau et du résumé de saison. Lorsqu'un candidat revient après une première sortie, seule la première sortie est retenue.",Sortie imposée pour raison médicale.,VOTE_CONSEIL | MEDICAL | ELIMINATION_CHALLENGE | AMBASSADEURS | DESTINS_LIES | FINALE_ORIENTATION | FINALE_POTEAUX | VOLUNTARY | DISCIPLINARY_EXPULSION | OTHER | UNRESOLVED
KL08::christophe,KL08,KL KL08,Christophe,9.0,INDETERMINE,INDETERMINE,INDETERMINE,INDETERMINE,VOTE_CONSEIL,https://kohlanta.fandom.com/fr/wiki/Koh-Lanta_%3A_Caramoan,Christophe est éliminé au Conseil au jour 24.,,,SECONDARY_DATABASE,HIGH,COMPLETE,ACCEPT_PROPOSAL,"Cause déterminée à partir du tableau et du résumé de saison. Lorsqu'un candidat revient après une première sortie, seule la première sortie est retenue.",Élimination décidée par vote au Conseil.,VOTE_CONSEIL | MEDICAL | ELIMINATION_CHALLENGE | AMBASSADEURS | DESTINS_LIES | FINALE_ORIENTATION | FINALE_POTEAUX | VOLUNTARY | DISCIPLINARY_EXPULSION | OTHER | UNRESOLVED
KL08::charlène,KL08,KL KL08,Charlène,10.0,INDETERMINE,INDETERMINE,INDETERMINE,INDETERMINE,VOTE_CONSEIL,https://kohlanta.fandom.com/fr/wiki/Koh-Lanta_%3A_Caramoan,Charlène est éliminée au Conseil au jour 27.,,,SECONDARY_DATABASE,HIGH,COMPLETE,ACCEPT_PROPOSAL,"Cause déterminée à partir du tableau et du résumé de saison. Lorsqu'un candidat revient après une première sortie, seule la première sortie est retenue.",Élimination décidée par vote au Conseil.,VOTE_CONSEIL | MEDICAL | ELIMINATION_CHALLENGE | AMBASSADEURS | DESTINS_LIES | FINALE_ORIENTATION | FINALE_POTEAUX | VOLUNTARY | DISCIPLINARY_EXPULSION | OTHER | UNRESOLVED
KL08::hakim,KL08,KL KL08,Hakim,11.0,INDETERMINE,INDETERMINE,INDETERMINE,INDETERMINE,VOTE_CONSEIL,https://kohlanta.fandom.com/fr/wiki/Koh-Lanta_%3A_Caramoan,"Hakim est éliminé au Conseil, revient après la sortie médicale de Christopher, puis ressort plus tard ; seule sa première sortie est retenue.",,,SECONDARY_DATABASE,HIGH,COMPLETE,ACCEPT_PROPOSAL,"Cause déterminée à partir du tableau et du résumé de saison. Lorsqu'un candidat revient après une première sortie, seule la première sortie est retenue.",Première sortie uniquement : élimination décidée par vote au Conseil.,VOTE_CONSEIL | MEDICAL | ELIMINATION_CHALLENGE | AMBASSADEURS | DESTINS_LIES | FINALE_ORIENTATION | FINALE_POTEAUX | VOLUNTARY | DISCIPLINARY_EXPULSION | OTHER | UNRESOLVED
KL08::régis,KL08,KL KL08,Régis,12.0,INDETERMINE,INDETERMINE,INDETERMINE,INDETERMINE,VOTE_CONSEIL,https://kohlanta.fandom.com/fr/wiki/Koh-Lanta_%3A_Caramoan,Régis est éliminé au Conseil au jour 33.,,,SECONDARY_DATABASE,HIGH,COMPLETE,ACCEPT_PROPOSAL,"Cause déterminée à partir du tableau et du résumé de saison. Lorsqu'un candidat revient après une première sortie, seule la première sortie est retenue.",Élimination décidée par vote au Conseil.,VOTE_CONSEIL | MEDICAL | ELIMINATION_CHALLENGE | AMBASSADEURS | DESTINS_LIES | FINALE_ORIENTATION | FINALE_POTEAUX | VOLUNTARY | DISCIPLINARY_EXPULSION | OTHER | UNRESOLVED
KL08::carole,KL08,KL KL08,Carole,13.0,INDETERMINE,INDETERMINE,INDETERMINE,INDETERMINE,VOTE_CONSEIL,https://kohlanta.fandom.com/fr/wiki/Koh-Lanta_%3A_Caramoan,Carole est éliminée au Conseil au jour 36.,,,SECONDARY_DATABASE,HIGH,COMPLETE,ACCEPT_PROPOSAL,"Cause déterminée à partir du tableau et du résumé de saison. Lorsqu'un candidat revient après une première sortie, seule la première sortie est retenue.",Élimination décidée par vote au Conseil.,VOTE_CONSEIL | MEDICAL | ELIMINATION_CHALLENGE | AMBASSADEURS | DESTINS_LIES | FINALE_ORIENTATION | FINALE_POTEAUX | VOLUNTARY | DISCIPLINARY_EXPULSION | OTHER | UNRESOLVED
KL08::nathalie,KL08,KL KL08,Nathalie,14.0,INDETERMINE,INDETERMINE,INDETERMINE,INDETERMINE,FINALE_ORIENTATION,https://kohlanta.fandom.com/fr/wiki/Koh-Lanta_%3A_Caramoan,Nathalie est éliminée lors de l'épreuve finale d'orientation.,,,SECONDARY_DATABASE,HIGH,COMPLETE,ACCEPT_PROPOSAL,"Cause déterminée à partir du tableau et du résumé de saison. Lorsqu'un candidat revient après une première sortie, seule la première sortie est retenue.",Élimination pendant l'épreuve finale d'orientation.,VOTE_CONSEIL | MEDICAL | ELIMINATION_CHALLENGE | AMBASSADEURS | DESTINS_LIES | FINALE_ORIENTATION | FINALE_POTEAUX | VOLUNTARY | DISCIPLINARY_EXPULSION | OTHER | UNRESOLVED
KL08::bertrand,KL08,KL KL08,Bertrand,15.0,INDETERMINE,INDETERMINE,INDETERMINE,INDETERMINE,FINALE_POTEAUX,https://kohlanta.fandom.com/fr/wiki/Koh-Lanta_%3A_Caramoan,Bertrand est éliminé lors de l'épreuve finale des poteaux.,,,SECONDARY_DATABASE,HIGH,COMPLETE,ACCEPT_PROPOSAL,"Cause déterminée à partir du tableau et du résumé de saison. Lorsqu'un candidat revient après une première sortie, seule la première sortie est retenue.",Élimination pendant l'épreuve finale des poteaux.,VOTE_CONSEIL | MEDICAL | ELIMINATION_CHALLENGE | AMBASSADEURS | DESTINS_LIES | FINALE_ORIENTATION | FINALE_POTEAUX | VOLUNTARY | DISCIPLINARY_EXPULSION | OTHER | UNRESOLVED
KL13::steve lemercier,KL13,Koh-Lanta : Raja Ampat,Steve Lemercier,3.0,Left Competition Day 8,INDETERMINE,INDETERMINE,AUTRE_SORTIE,VOLUNTARY,https://survivor.fandom.com/wiki/Koh-Lanta%3A_Raja_Ampat,Steve choisit de quitter le jeu au jour 8 car ses proches lui manquent.,,,SECONDARY_DATABASE,HIGH,COMPLETE,ACCEPT_PROPOSAL,"Cause déterminée à partir du tableau et du résumé de saison. Lorsqu'un candidat revient après une première sortie, seule la première sortie est retenue.",Départ choisi volontairement par le candidat.,VOTE_CONSEIL | MEDICAL | ELIMINATION_CHALLENGE | AMBASSADEURS | DESTINS_LIES | FINALE_ORIENTATION | FINALE_POTEAUX | VOLUNTARY | DISCIPLINARY_EXPULSION | OTHER | UNRESOLVED
"KL13::nawal ""naouel"" hadjaf",KL13,Koh-Lanta : Raja Ampat,"Nawal ""Naouel"" Hadjaf",5.0,Left Competition Day 10,INDETERMINE,INDETERMINE,AUTRE_SORTIE,VOLUNTARY,https://survivor.fandom.com/wiki/Koh-Lanta%3A_Raja_Ampat,"Naouel choisit de quitter le jeu au jour 10, ne supportant plus les conditions de vie.",,,SECONDARY_DATABASE,HIGH,COMPLETE,ACCEPT_PROPOSAL,"Cause déterminée à partir du tableau et du résumé de saison. Lorsqu'un candidat revient après une première sortie, seule la première sortie est retenue.",Départ choisi volontairement par la candidate.,VOTE_CONSEIL | MEDICAL | ELIMINATION_CHALLENGE | AMBASSADEURS | DESTINS_LIES | FINALE_ORIENTATION | FINALE_POTEAUX | VOLUNTARY | DISCIPLINARY_EXPULSION | OTHER | UNRESOLVED
KL15::mélanie,KL15,Koh-Lanta : Malaisie,Mélanie,1.0,Éliminée,INDETERMINE,INDETERMINE,AUTRE_SORTIE,VOTE_CONSEIL,https://kohlanta.fandom.com/fr/wiki/Koh-Lanta_%3A_Malaisie,Mélanie est éliminée au Conseil au jour 3.,,,SECONDARY_DATABASE,HIGH,COMPLETE,ACCEPT_PROPOSAL,"Cause déterminée à partir du tableau et du résumé de saison. Lorsqu'un candidat revient après une première sortie, seule la première sortie est retenue.",Élimination décidée par vote au Conseil.,VOTE_CONSEIL | MEDICAL | ELIMINATION_CHALLENGE | AMBASSADEURS | DESTINS_LIES | FINALE_ORIENTATION | FINALE_POTEAUX | VOLUNTARY | DISCIPLINARY_EXPULSION | OTHER | UNRESOLVED
KL15::mickaël,KL15,Koh-Lanta : Malaisie,Mickaël,2.0,Éliminé,INDETERMINE,INDETERMINE,AUTRE_SORTIE,VOTE_CONSEIL,https://kohlanta.fandom.com/fr/wiki/Koh-Lanta_%3A_Malaisie,Mickaël est éliminé au Conseil au jour 6.,,,SECONDARY_DATABASE,HIGH,COMPLETE,ACCEPT_PROPOSAL,"Cause déterminée à partir du tableau et du résumé de saison. Lorsqu'un candidat revient après une première sortie, seule la première sortie est retenue.",Élimination décidée par vote au Conseil.,VOTE_CONSEIL | MEDICAL | ELIMINATION_CHALLENGE | AMBASSADEURS | DESTINS_LIES | FINALE_ORIENTATION | FINALE_POTEAUX | VOLUNTARY | DISCIPLINARY_EXPULSION | OTHER | UNRESOLVED
KL15::nadine,KL15,Koh-Lanta : Malaisie,Nadine,4.0,Éliminée,INDETERMINE,INDETERMINE,AUTRE_SORTIE,VOTE_CONSEIL,https://kohlanta.fandom.com/fr/wiki/Koh-Lanta_%3A_Malaisie,Nadine est éliminée au Conseil au jour 12.,,,SECONDARY_DATABASE,HIGH,COMPLETE,ACCEPT_PROPOSAL,"Cause déterminée à partir du tableau et du résumé de saison. Lorsqu'un candidat revient après une première sortie, seule la première sortie est retenue.",Élimination décidée par vote au Conseil.,VOTE_CONSEIL | MEDICAL | ELIMINATION_CHALLENGE | AMBASSADEURS | DESTINS_LIES | FINALE_ORIENTATION | FINALE_POTEAUX | VOLUNTARY | DISCIPLINARY_EXPULSION | OTHER | UNRESOLVED
KL15::élodie,KL15,Koh-Lanta : Malaisie,Élodie,5.0,Éliminée,INDETERMINE,INDETERMINE,AUTRE_SORTIE,VOTE_CONSEIL,https://kohlanta.fandom.com/fr/wiki/Koh-Lanta_%3A_Malaisie,Élodie est éliminée au Conseil ; seule sa première sortie analytique est retenue.,,,SECONDARY_DATABASE,HIGH,COMPLETE,ACCEPT_PROPOSAL,"Cause déterminée à partir du tableau et du résumé de saison. Lorsqu'un candidat revient après une première sortie, seule la première sortie est retenue.",Première sortie uniquement : élimination décidée par vote au Conseil.,VOTE_CONSEIL | MEDICAL | ELIMINATION_CHALLENGE | AMBASSADEURS | DESTINS_LIES | FINALE_ORIENTATION | FINALE_POTEAUX | VOLUNTARY | DISCIPLINARY_EXPULSION | OTHER | UNRESOLVED
KL15::marie [ n 2 ],KL15,Koh-Lanta : Malaisie,Marie [ N 2 ],6.0,Éliminée,INDETERMINE,INDETERMINE,AUTRE_SORTIE,VOTE_CONSEIL,https://kohlanta.fandom.com/fr/wiki/Koh-Lanta_%3A_Malaisie,Marie est éliminée au Conseil au jour 18.,,,SECONDARY_DATABASE,HIGH,COMPLETE,ACCEPT_PROPOSAL,"Cause déterminée à partir du tableau et du résumé de saison. Lorsqu'un candidat revient après une première sortie, seule la première sortie est retenue.",Élimination décidée par vote au Conseil.,VOTE_CONSEIL | MEDICAL | ELIMINATION_CHALLENGE | AMBASSADEURS | DESTINS_LIES | FINALE_ORIENTATION | FINALE_POTEAUX | VOLUNTARY | DISCIPLINARY_EXPULSION | OTHER | UNRESOLVED
KL15::anthony,KL15,Koh-Lanta : Malaisie,Anthony,7.0,Éliminé,INDETERMINE,INDETERMINE,AUTRE_SORTIE,AMBASSADEURS,https://kohlanta.fandom.com/fr/wiki/Koh-Lanta_%3A_Malaisie,Anthony est éliminé après le désaccord des ambassadeurs et le tirage au sort qui s'ensuit.,,,SECONDARY_DATABASE,HIGH,COMPLETE,ACCEPT_PROPOSAL,"Cause déterminée à partir du tableau et du résumé de saison. Lorsqu'un candidat revient après une première sortie, seule la première sortie est retenue.",Élimination directe lors de la réunion des ambassadeurs.,VOTE_CONSEIL | MEDICAL | ELIMINATION_CHALLENGE | AMBASSADEURS | DESTINS_LIES | FINALE_ORIENTATION | FINALE_POTEAUX | VOLUNTARY | DISCIPLINARY_EXPULSION | OTHER | UNRESOLVED
KL15::javier [ n 3 ],KL15,Koh-Lanta : Malaisie,Javier [ N 3 ],8.0,Éliminé,INDETERMINE,INDETERMINE,AUTRE_SORTIE,VOTE_CONSEIL,https://kohlanta.fandom.com/fr/wiki/Koh-Lanta_%3A_Malaisie,Javier est éliminé au Conseil après la réunification.,,,SECONDARY_DATABASE,HIGH,COMPLETE,ACCEPT_PROPOSAL,"Cause déterminée à partir du tableau et du résumé de saison. Lorsqu'un candidat revient après une première sortie, seule la première sortie est retenue.",Élimination décidée par vote au Conseil.,VOTE_CONSEIL | MEDICAL | ELIMINATION_CHALLENGE | AMBASSADEURS | DESTINS_LIES | FINALE_ORIENTATION | FINALE_POTEAUX | VOLUNTARY | DISCIPLINARY_EXPULSION | OTHER | UNRESOLVED
